session,participant,ig_caste,q4,q5,q6,q7,q8,q9,q10,q11,q12,q13,q14,q15,q16,q17,q18,q19,q20,q21,q22,q23,q24_1,q24_2,q24_3,q24_4,q24_5,q24_6,q24_7,q25,q26,q27,q28,q29,q30_1,q30_2,q30_3,q30_4,q30_5,q31_1,q31_2,q31_3,q31_4,q31_5,q32,q33,q34,q35_1,q35_2,q36,q37,q38_1,q38_2,q38_3,q39,q40,q41,q42,q43,q44,q45,q46,q47,q48,q49,q50,q51,q52,q53,q54,q55,q56,q57,q58_1,q58_2,q58_3,q58_4,q58_5,q58_6,q59_1,q59_2,q59_3,q60_1,q60_2,q60_3,q60_4,q60_5,q60_6,q60_7,q60_8
A,1,obc,5,4,1,4,4,4,4,1,5,4,4,4,1,5,4,4,4,1,4,4,2,4,4,2,2,2,2,2,2,4,3,2,5,4,3,5,3,4,4,2,3,3,3,2,8,1,NA,1,3,6,5,5,4,4,80,80,3,5,5,5,5,1,2,2,3,3,3,3,30,40,30,6,6,6,6,6,6,5,5,2,5,5,4,4,4,5,4,4
A,22,obc,5,5,1,3,4,5,5,3,5,5,5,5,1,4,5,4,4,1,3,4,2,6,6,2,1,4,6,3,4,4,3,3,3,4,3,4,3,2,4,4,3,3,3,1,6,1,NA,1,3,7,6,4,4,3,60,70,4,6,2,4,2,3,1,4,7,2,3,2,40,30,30,6,7,7,4,4,3,2,3,1,1,4,6,7,1,1,5,7
A,32,scst,NA,3,5,5,NA,5,5,4,5,5,4,3,3,4,3,5,4,3,3,4,3,2,2,6,7,6,7,5,5,2,2,2,5,4,4,5,2,2,1,1,2,1,2,1,6,1,NA,1,1,7,7,7,2,1,60,70,5,NA,4,2,6,7,5,7,7,5,2,5,50,20,30,NA,2,3,4,2,4,5,5,6,1,4,6,NA,1,3,3,3
A,34,obc,5,5,1,5,5,5,5,1,5,5,5,5,1,5,5,4,5,1,5,4,1,2,2,2,1,2,2,3,4,5,3,3,4,4,3,5,3,4,4,5,3,3,2,1,6,1,NA,1,3,7,6,6,3,3,75,90,1,3,4,4,4,1,3,4,3,3,3,3,25,50,25,7,7,7,6,6,6,4,5,1,1,1,7,7,1,1,7,7
A,35,obc,5,5,NA,5,5,5,5,1,5,5,5,5,1,5,5,5,5,1,3,5,1,1,2,2,1,2,2,2,1,5,3,4,4,4,2,4,2,4,4,3,4,2,2,1,6,1,NA,3,3,7,7,7,5,2,75,80,1,NA,4,4,4,4,4,6,5,3,3,3,20,25,55,7,7,7,6,7,7,2,3,2,1,1,7,7,1,1,7,7
A,36,obc,5,5,1,5,5,5,5,1,5,5,5,5,1,5,5,4,4,2,3,4,6,7,7,5,1,2,6,2,2,5,3,3,5,1,3,3,3,4,3,3,3,1,2,1,10,1,NA,1,3,7,6,6,4,1,99,100,1,1,1,7,1,1,1,1,1,7,5,1,50,30,20,7,7,6,7,7,7,2,1,1,1,4,7,6,4,4,6,7
A,37,obc,5,5,1,5,4,5,5,1,5,5,5,5,1,5,5,4,4,1,3,4,5,6,6,6,6,6,5,3,2,4,5,3,5,5,5,2,3,1,2,4,2,2,2,1,9,1,NA,1,3,7,2,2,4,1,90,95,1,7,1,7,3,1,NA,NA,1,7,4,2,70,60,70,7,7,7,7,7,7,2,2,2,1,6,6,7,7,1,1,7
A,38,scst,NA,NA,NA,3,3,3,NA,3,3,3,5,3,3,3,2,3,1,3,3,3,6,7,7,6,5,4,3,5,2,5,4,1,5,4,5,4,4,4,5,5,4,4,2,1,8,1,NA,3,1,7,7,7,5,5,90,75,7,5,6,5,6,5,6,7,5,7,5,5,78,85,90,6,5,6,6,6,5,5,6,5,7,5,6,7,7,6,6,7
A,2,gm,NA,3,1,3,3,4,4,3,3,3,5,3,4,4,3,4,4,3,3,3,5,7,6,4,3,6,5,5,2,4,5,2,4,5,5,5,4,4,5,4,4,5,2,1,7,1,NA,3,4,7,7,7,5,4,70,91,6,6,7,5,6,4,5,5,5,6,4,4,60,75,91,7,6,5,6,7,7,6,6,5,6,7,6,6,7,7,6,7
A,3,obc,3,4,3,3,3,5,4,1,5,4,4,4,1,5,4,2,3,1,3,4,1,7,1,1,1,1,7,1,3,5,5,4,4,5,5,4,5,5,1,1,3,5,2,1,8,1,NA,1,3,7,7,7,1,1,90,70,7,7,1,1,7,7,1,2,4,7,5,1,80,85,60,7,7,7,5,6,6,5,6,1,7,7,1,7,7,7,7,7
A,4,gm,3,4,5,2,3,3,2,3,2,3,4,4,3,5,5,2,2,2,1,3,7,3,6,4,5,6,4,1,5,5,5,3,5,5,5,5,3,5,3,4,5,4,2,1,7,1,NA,1,4,7,7,7,1,1,90,80,7,1,1,7,7,1,7,6,5,7,3,1,90,80,60,7,7,7,7,6,7,4,5,6,7,7,7,6,7,7,6,7
A,5,obc,5,4,5,3,3,1,5,5,5,3,5,5,2,4,4,3,3,3,3,3,2,7,7,2,2,2,2,1,1,5,5,3,3,3,3,5,5,5,3,3,5,5,2,1,NA,1,NA,1,3,7,7,6,4,3,70,95,3,6,7,7,7,1,1,7,7,7,2,4,60,50,25,7,6,7,7,7,7,2,7,7,1,7,7,7,7,7,4,7
A,6,obc,5,4,3,3,5,5,5,4,5,5,4,5,2,3,4,3,3,4,3,3,3,7,6,4,7,5,2,2,2,4,5,3,3,5,1,3,2,5,5,5,5,3,2,1,9,1,NA,1,3,7,5,1,4,3,80,100,2,1,2,1,1,7,5,1,4,4,1,1,20,60,20,7,6,7,7,7,6,2,4,7,1,7,7,7,1,1,4,7
A,7,gm,3,3,1,3,2,2,3,1,3,3,4,4,2,5,5,3,1,2,1,3,4,6,7,7,1,2,2,1,1,5,5,4,4,2,3,5,5,5,5,5,4,4,2,1,10,1,NA,1,4,7,6,5,5,1,96,100,2,7,7,6,7,1,7,7,6,7,1,1,0,0,100,7,7,7,5,7,6,7,7,7,1,1,7,1,7,7,7,7
A,8,gm,5,4,2,3,3,3,5,2,3,3,5,5,2,5,5,3,2,2,1,1,1,7,NA,6,1,3,5,1,3,3,4,3,5,5,3,5,5,5,5,5,5,4,5,1,10,1,NA,1,4,6,6,2,4,4,67,70,6,1,5,7,3,1,1,1,7,1,5,5,89,60,90,6,6,6,6,6,6,6,6,6,1,1,1,NA,7,6,6,7
A,9,gm,3,NA,NA,5,NA,5,NA,1,5,5,5,NA,4,5,4,2,NA,4,4,4,6,1,1,7,6,6,1,2,4,2,3,5,5,4,5,NA,5,2,3,5,5,5,2,1,10,1,NA,1,4,7,7,7,4,3,70,70,6,5,6,NA,NA,NA,7,6,4,2,4,4,70,100,70,2,7,6,1,7,6,NA,6,1,1,4,6,1,1,1,6,1
A,10,gm,3,3,1,5,4,4,4,1,5,4,4,5,1,5,4,4,5,1,3,4,6,1,1,4,6,6,4,2,2,2,2,2,5,4,4,4,5,5,4,5,5,5,2,1,4,1,NA,1,4,7,7,7,4,3,100,100,4,6,5,5,6,NA,4,6,5,4,4,4,70,100,70,1,2,NA,3,1,1,7,7,7,1,4,7,1,1,1,1,1
A,11,gm,3,3,5,2,3,2,3,2,3,5,4,3,2,3,3,3,4,4,3,3,5,4,NA,NA,2,5,4,2,4,3,2,3,4,2,3,NA,3,2,3,4,3,3,3,1,6,1,NA,1,4,6,7,6,1,4,65,75,5,3,5,5,5,4,3,5,4,5,1,2,50,40,80,3,6,6,6,4,4,5,6,4,5,4,5,3,5,3,5,6
A,12,obc,3,2,1,5,5,5,5,1,5,4,4,5,1,5,4,5,5,1,3,5,7,1,1,1,5,4,5,2,1,5,5,2,5,4,4,5,2,5,5,5,5,5,3,1,5,1,NA,1,3,7,7,7,4,3,70,80,4,6,5,5,6,6,5,7,7,5,1,4,50,80,70,1,2,3,3,3,7,6,5,7,1,7,6,4,6,2,1,6
A,13,obc,3,3,1,3,4,4,5,1,3,4,5,5,1,5,5,4,4,1,4,4,2,6,7,3,1,1,3,1,1,1,1,1,3,3,3,5,2,5,5,5,5,3,2,1,5,1,NA,1,3,6,6,5,2,2,75,75,1,4,1,4,4,5,5,6,2,4,3,3,60,60,70,7,5,2,6,4,5,6,6,1,1,7,1,6,1,7,1,7
A,14,obc,NA,3,4,5,3,4,NA,3,5,4,3,4,5,5,3,3,2,2,3,2,1,7,7,NA,1,1,4,1,3,5,3,3,2,4,5,5,5,5,3,5,4,2,2,1,10,1,NA,1,3,6,6,7,2,NA,75,80,2,4,7,4,7,1,3,5,6,3,1,3,60,40,70,1,3,6,5,7,7,6,5,7,1,7,1,6,3,1,7,2
A,15,gm,5,3,3,3,5,3,2,4,3,2,5,3,4,5,3,3,2,3,3,1,4,6,6,6,1,1,4,1,2,2,2,1,5,4,5,5,4,5,4,5,4,1,2,1,5,1,NA,1,4,7,7,7,3,3,100,100,5,6,4,3,6,5,4,5,5,6,3,4,40,30,30,7,7,6,4,2,4,5,4,2,2,3,4,5,7,6,4,7
A,16,gm,5,3,2,3,5,3,3,3,3,3,3,5,3,3,3,5,5,5,5,5,3,4,2,NA,2,3,4,5,3,2,3,1,1,1,2,5,5,1,2,2,2,2,2,2,1,1,NA,1,4,1,1,1,1,1,30,30,2,2,4,1,3,2,2,2,4,NA,1,1,40,30,30,3,2,3,2,3,2,2,1,2,1,2,3,2,3,6,2,2
A,17,gm,3,4,1,4,5,3,3,2,3,3,5,5,2,5,5,2,3,1,3,3,6,5,5,6,7,7,2,3,3,4,4,3,3,3,3,5,4,3,3,3,3,3,3,2,8,1,NA,1,4,7,7,7,4,3,85,90,7,7,5,7,7,7,7,6,6,7,3,3,86,50,77,6,6,6,6,6,5,6,6,6,5,4,4,4,3,6,6,7
A,18,scst,3,4,3,3,4,3,4,4,4,4,3,4,4,5,4,2,3,1,1,2,2,5,2,2,2,2,4,2,2,3,3,3,5,2,1,1,4,2,3,2,2,3,2,NA,8,1,NA,1,2,7,6,6,4,4,75,75,4,5,6,7,4,5,6,5,5,6,1,1,30,40,30,7,6,5,2,3,7,6,5,6,4,3,NA,4,3,6,5,4
A,19,obc,4,3,3,3,3,4,4,3,5,4,3,4,3,5,4,4,3,2,5,4,4,5,5,4,4,5,5,4,4,4,4,4,3,4,3,3,3,2,3,4,3,3,2,2,6,1,NA,1,3,7,7,7,3,3,78,80,6,5,3,3,4,6,4,5,5,5,2,2,15,68,22,4,5,5,4,5,5,5,5,6,5,4,5,4,5,5,4,5
A,20,obc,5,4,3,4,4,3,4,3,4,4,2,3,2,2,3,2,5,5,3,4,2,3,2,4,2,1,3,4,4,5,3,4,1,2,3,1,5,1,2,1,2,5,2,2,10,1,NA,1,3,1,7,6,5,4,30,30,7,6,3,7,6,7,1,7,7,7,5,5,40,15,45,3,4,2,3,7,1,1,3,7,3,4,7,1,2,7,4,7
A,21,obc,3,4,3,3,3,5,4,3,5,5,3,4,2,5,3,3,4,2,3,3,3,4,4,2,3,4,2,1,4,4,4,3,1,2,1,4,3,3,3,4,3,4,3,2,5,1,NA,1,3,1,5,4,5,2,80,100,1,1,1,1,4,1,1,1,3,1,3,3,35,60,5,7,7,6,4,4,7,4,5,3,1,5,1,4,6,4,6,5
A,23,obc,4,4,2,5,4,5,5,2,5,4,4,4,1,5,5,4,4,2,4,4,5,2,3,6,6,6,6,1,1,5,5,3,3,3,3,4,3,5,4,3,4,4,3,2,8,1,NA,1,3,7,7,4,3,3,76,90,6,1,1,7,4,1,6,7,5,7,2,5,30,70,80,7,7,7,4,5,6,1,1,1,1,1,7,1,6,7,4,6
A,24,scst,5,5,2,4,5,5,4,2,3,5,5,4,3,4,4,5,4,3,3,5,5,6,5,4,6,6,5,5,3,3,3,3,4,4,3,4,3,2,2,3,2,2,2,2,7,1,NA,1,1,7,2,2,5,3,75,75,7,6,1,2,2,6,1,1,6,4,3,3,50,30,20,7,4,2,4,7,7,2,2,1,2,2,7,7,2,2,6,5
A,25,scst,5,5,2,5,5,5,5,2,5,5,5,2,3,3,3,5,4,3,3,5,5,5,6,5,5,5,5,5,4,4,4,4,4,4,2,4,3,2,2,2,2,2,2,2,6,1,NA,1,2,7,2,2,5,2,70,70,7,7,6,6,6,6,1,5,5,5,4,4,50,20,30,7,6,5,2,6,6,1,2,2,2,2,7,7,3,3,7,6
A,26,scst,5,2,3,4,4,3,4,3,3,5,4,4,4,4,5,4,4,2,3,3,1,7,6,1,7,2,7,2,2,5,5,5,5,1,3,1,1,2,3,5,5,2,3,2,7,1,NA,1,1,7,7,1,5,3,70,75,1,NA,2,5,2,1,2,1,6,3,5,5,50,30,20,7,6,4,5,2,3,2,7,4,7,3,1,5,7,4,2,6
A,27,obc,4,3,2,4,2,5,5,3,5,5,4,3,2,4,3,2,3,3,5,3,3,6,6,3,4,4,1,1,2,5,4,3,1,4,1,5,2,5,4,5,5,5,4,2,4,1,NA,1,3,6,5,5,3,1,100,100,7,5,2,6,5,7,5,4,5,5,3,4,50,50,60,5,4,2,6,2,4,6,4,2,5,6,2,4,6,4,4,4
A,28,obc,4,3,2,4,2,3,4,3,5,3,4,2,3,4,3,2,3,3,5,3,2,3,3,3,4,6,2,1,2,5,4,3,1,4,1,5,2,5,4,5,5,5,2,2,5,NA,NA,1,3,6,5,5,3,1,100,100,7,5,2,6,4,7,5,4,5,4,3,4,50,50,60,5,4,1,6,3,5,6,5,2,5,6,2,4,6,4,5,4
A,29,scst,4,5,1,5,5,4,4,4,5,5,5,4,2,5,5,3,3,2,4,3,6,7,7,5,6,6,2,5,5,3,3,3,2,4,4,5,3,5,1,2,3,4,3,2,6,1,NA,1,1,7,7,7,5,1,86,80,2,4,2,3,NA,3,4,3,4,3,5,2,70,60,77,7,6,6,5,5,5,5,6,2,4,5,2,4,4,5,4,4
A,30,scst,3,3,5,5,3,3,3,3,5,3,3,3,1,5,3,3,5,3,5,3,2,1,2,7,7,6,7,1,4,5,1,1,5,1,5,5,5,5,4,5,2,4,3,2,10,1,NA,1,1,7,7,7,3,3,100,90,7,7,7,6,7,7,6,7,6,7,1,1,75,60,100,7,6,7,7,6,7,7,7,6,7,6,7,6,5,7,6,7
A,31,obc,5,3,5,3,4,5,5,5,5,3,5,3,4,5,4,2,3,2,3,2,6,5,4,6,7,7,3,4,4,5,4,2,3,3,4,3,2,4,3,3,4,4,2,2,9,1,NA,1,3,7,7,7,2,2,100,100,5,6,6,5,6,7,5,6,6,5,4,4,20,64,14,6,5,6,4,5,5,6,5,3,5,4,2,5,5,7,6,5
A,33,gm,5,5,NA,5,5,5,5,4,5,5,4,5,5,5,4,5,5,5,5,4,7,4,4,7,7,4,4,3,5,5,5,4,1,5,1,4,3,3,5,1,3,5,2,2,6,1,NA,1,4,7,1,7,4,5,90,99,7,7,1,1,1,1,1,1,1,1,4,1,95,90,65,6,7,7,7,4,7,6,1,7,7,7,7,7,7,7,7,7
B,52,gm,3,5,1,4,4,4,4,5,5,NA,5,5,1,5,5,5,5,1,4,5,4,6,6,5,2,4,4,3,3,5,4,5,3,1,1,5,1,3,4,3,1,1,4,NA,9,1,NA,1,4,7,7,7,3,2,34,80,1,1,1,5,3,5,3,1,3,5,1,1,40,30,30,7,7,7,7,7,7,1,1,1,1,1,1,7,1,5,7,7
B,53,scst,5,5,1,5,5,5,5,1,5,5,5,1,2,5,5,5,5,2,5,5,7,4,5,4,4,4,4,5,3,5,3,5,1,1,1,1,1,1,5,5,5,1,2,1,10,1,NA,1,1,7,5,7,5,1,50,50,7,7,4,4,4,7,7,7,4,4,3,5,50,50,50,7,7,7,7,7,7,7,7,7,4,4,7,4,4,4,4,4
B,54,gm,4,4,1,4,4,4,4,2,3,NA,4,4,2,4,4,4,4,1,3,4,6,6,6,6,5,5,6,3,3,3,2,3,3,3,3,3,3,3,3,3,3,3,2,2,7,1,NA,1,4,7,1,1,3,2,79,79,2,4,4,4,2,5,4,4,4,6,3,3,30,40,30,7,6,5,5,6,6,4,4,4,1,1,7,1,1,1,7,7
B,55,scst,3,3,2,5,5,4,4,4,5,5,4,4,4,5,5,5,4,3,5,5,5,5,4,5,3,3,3,5,4,4,4,5,3,3,4,3,4,3,3,4,4,3,3,2,7,1,NA,1,2,7,7,7,3,4,50,50,1,1,3,2,1,1,3,1,6,7,3,4,60,20,20,4,5,6,6,7,4,4,5,1,1,2,1,1,1,4,7,7
B,56,scst,5,5,5,5,5,4,3,3,4,4,3,3,3,3,NA,3,4,3,3,3,6,3,3,3,6,5,4,5,4,4,4,4,3,2,2,5,4,3,5,4,2,3,2,2,6,1,NA,1,1,7,7,7,4,3,60,10,1,1,NA,NA,NA,1,1,1,1,1,3,3,20,50,83,7,7,7,7,7,7,6,5,1,NA,4,6,6,4,4,4,7
B,57,gm,5,5,1,4,5,5,5,1,5,5,5,5,1,5,5,3,4,2,3,3,7,6,6,5,2,2,3,2,1,4,4,4,3,2,3,5,3,5,3,5,4,3,2,1,4,1,NA,1,4,7,5,4,4,4,50,50,1,1,5,6,7,4,4,1,4,7,2,2,55,65,25,1,4,4,4,5,6,1,1,1,1,1,7,4,4,4,4,4
B,58,gm,4,5,4,1,1,3,3,4,4,2,4,4,4,NA,4,1,1,2,1,1,1,6,6,3,2,4,3,5,5,2,3,4,1,3,3,5,4,3,5,3,4,4,2,1,8,1,NA,1,4,7,7,6,2,4,70,50,1,4,3,5,7,4,3,5,4,5,NA,NA,70,40,40,3,4,2,4,3,5,3,4,3,4,2,3,5,3,2,3,4
B,39,scst,3,2,1,2,3,4,2,4,4,2,3,2,1,3,2,1,1,2,2,3,3,1,3,4,1,2,1,5,2,3,2,4,1,5,1,2,5,2,3,1,4,5,2,1,8,1,NA,1,1,7,6,6,2,3,70,90,1,4,3,5,6,4,6,3,7,2,2,2,70,40,30,6,3,4,5,6,5,6,4,2,3,2,4,2,3,5,7,4
B,40,scst,4,5,2,5,5,4,4,4,4,5,3,4,4,4,4,3,4,4,3,4,1,NA,2,3,3,2,1,5,5,4,4,4,4,4,5,5,4,5,4,5,5,4,2,1,9,1,NA,1,2,7,7,7,4,4,85,95,1,4,3,3,4,4,5,4,5,4,NA,NA,30,20,50,5,NA,6,4,4,3,6,4,3,3,3,2,3,4,4,3,4
B,41,scst,5,5,5,2,5,5,5,4,2,5,4,4,NA,3,5,4,4,4,2,4,2,2,2,2,1,2,1,5,1,1,4,5,4,2,2,2,3,3,4,4,3,3,2,1,9,1,NA,1,1,7,7,7,4,4,70,50,7,7,7,6,6,7,6,7,7,6,4,4,40,35,75,5,6,6,7,6,7,6,6,6,5,6,5,5,5,6,5,6
B,42,scst,5,5,5,5,5,5,5,5,5,5,1,5,5,4,5,5,5,5,3,5,4,7,6,3,3,6,6,5,5,1,1,4,4,3,4,3,5,4,5,5,5,5,2,1,8,1,NA,1,1,7,7,7,5,5,80,90,1,1,1,7,1,1,1,7,1,NA,5,4,60,70,90,7,6,5,7,6,7,6,5,7,7,6,7,5,7,4,7,6
B,43,obc,5,5,5,5,5,5,4,1,5,5,5,5,3,5,5,5,5,3,5,5,1,6,6,1,1,2,4,1,3,5,5,4,3,5,4,5,4,5,4,3,5,4,2,2,10,1,NA,1,3,7,7,7,2,1,50,50,1,7,7,6,2,1,6,1,5,7,3,2,96,90,78,1,1,1,3,1,2,6,1,2,7,6,1,2,1,1,5,1
B,44,obc,5,5,5,3,4,4,5,1,5,3,3,3,3,3,3,5,5,1,3,3,3,6,6,3,3,3,6,1,5,5,4,4,1,4,3,5,3,5,3,5,3,4,2,1,4,1,NA,1,3,7,7,7,5,1,80,80,1,1,7,7,7,1,7,7,7,7,5,5,89,90,70,7,7,7,7,1,7,6,6,7,1,7,6,7,5,7,7,7
B,45,obc,5,5,1,3,5,5,5,1,4,5,5,5,1,4,5,5,5,1,3,5,6,7,6,4,3,4,6,5,5,5,5,5,5,3,4,5,5,5,4,4,3,3,2,1,6,1,NA,1,3,7,7,7,5,5,90,100,1,1,4,6,7,1,6,7,4,6,4,5,50,75,70,7,6,6,5,7,7,7,6,7,1,7,7,6,6,7,6,7
B,46,scst,3,4,1,3,5,4,5,4,3,4,5,5,5,3,4,4,4,4,4,4,3,NA,NA,NA,NA,NA,NA,NA,NA,NA,NA,NA,3,4,3,4,3,3,4,3,3,4,3,1,NA,1,NA,1,1,7,7,5,5,NA,70,70,6,5,5,5,5,6,5,6,6,6,3,NA,70,80,70,3,4,4,5,5,5,4,5,5,5,4,5,5,NA,6,6,7
B,47,obc,3,4,1,3,5,4,4,4,3,4,5,5,5,3,4,4,4,2,3,4,5,6,6,6,5,4,5,3,4,3,4,3,3,4,3,4,3,3,4,3,4,3,3,1,5,1,NA,1,3,4,5,4,3,4,70,70,6,5,5,5,5,5,5,5,5,6,3,3,50,30,20,4,5,4,5,4,6,4,5,5,5,6,5,4,6,5,4,6
B,48,scst,5,5,1,3,5,5,5,1,5,5,5,5,1,3,5,5,5,1,3,5,7,7,7,6,7,7,7,5,5,5,5,5,5,4,4,5,5,5,5,4,5,5,2,1,8,1,NA,1,1,7,7,7,5,5,90,100,1,1,1,7,7,1,1,1,2,7,5,5,90,90,80,7,7,7,6,3,7,7,7,6,7,6,7,7,6,7,7,7
B,49,obc,5,5,2,5,5,5,5,2,5,5,5,5,1,5,5,5,3,2,4,2,4,7,6,NA,3,6,6,3,5,5,3,4,3,2,3,5,3,5,4,5,1,1,2,1,6,1,NA,1,3,7,7,4,2,1,50,75,1,1,7,7,1,1,1,7,1,1,2,2,15,35,50,7,7,7,7,7,6,1,2,1,1,2,2,4,4,4,2,2
B,50,obc,5,5,1,4,5,5,5,1,5,5,5,5,1,5,5,5,5,1,4,5,5,7,7,4,3,4,4,4,1,3,3,3,1,2,3,1,1,4,4,4,4,2,3,1,9,1,NA,1,3,7,7,2,5,NA,NA,NA,1,1,7,7,7,1,1,7,5,5,5,1,NA,NA,NA,7,7,7,7,7,7,1,1,1,1,NA,NA,NA,NA,NA,NA,NA
B,51,gm,5,5,5,5,5,5,5,1,4,5,5,5,1,5,5,5,5,1,5,5,3,6,6,4,1,2,3,3,5,5,4,5,4,1,3,1,3,3,3,4,4,4,3,1,9,1,NA,1,4,6,4,4,1,2,50,80,1,1,1,2,1,5,6,7,7,7,4,4,50,50,50,4,4,4,4,4,4,4,4,4,4,4,4,4,4,4,4,4
C,59,obc,2,4,1,4,2,5,5,2,5,5,5,5,2,5,5,5,5,2,5,5,4,6,6,5,5,6,4,2,2,3,3,4,3,1,1,NA,1,4,3,3,3,1,2,1,1,1,NA,6,3,6,5,6,5,5,70,45,1,6,6,6,6,1,5,6,6,6,4,4,30,40,30,7,6,5,6,5,6,4,4,4,1,2,7,7,1,1,7,7
C,77,obc,3,NA,NA,NA,3,3,2,NA,NA,NA,3,2,1,3,2,3,3,1,4,2,5,2,2,3,6,7,5,3,4,5,5,3,1,1,3,5,3,1,3,1,2,2,2,1,8,1,NA,1,3,7,7,7,5,1,78,65,2,2,6,NA,6,2,2,6,NA,6,NA,NA,30,50,20,6,6,6,6,6,6,6,NA,7,2,2,1,1,1,2,7,7
C,85,obc,NA,3,1,1,2,3,3,2,4,3,3,3,2,4,4,2,2,3,2,2,2,6,4,7,1,2,3,1,1,4,5,1,5,1,1,5,1,1,2,2,1,1,2,1,8,1,NA,1,3,7,6,6,4,4,70,60,2,2,2,2,2,2,3,2,3,2,5,1,30,50,20,6,6,6,6,6,6,2,2,2,2,2,1,1,1,2,7,7
C,86,scst,3,3,1,5,5,5,5,1,5,5,5,5,1,5,5,4,5,1,4,4,7,6,7,6,6,6,6,5,5,3,1,3,5,4,4,5,5,1,1,1,5,5,3,1,9,1,NA,1,2,7,7,7,5,1,90,90,1,1,NA,1,1,1,1,1,3,1,5,2,65,35,45,7,7,7,7,7,7,2,7,7,1,7,7,7,1,1,7,7
C,87,scst,5,5,3,5,3,3,4,1,4,5,3,1,1,3,5,3,5,1,5,4,7,6,5,4,5,6,6,5,5,2,4,2,5,3,3,3,4,1,2,4,5,2,2,1,5,1,NA,1,2,7,7,7,5,5,88,92,2,2,3,2,1,3,2,2,3,2,4,2,70,60,95,6,5,7,7,6,7,7,7,6,1,3,6,7,2,6,6,5
C,88,obc,5,5,2,5,4,5,5,2,5,4,5,5,2,5,4,4,5,2,5,4,4,7,7,6,4,4,5,4,3,4,3,4,5,3,3,5,4,4,5,4,3,3,2,2,8,1,NA,1,3,7,7,1,3,5,78,70,6,7,6,6,6,6,4,7,6,6,1,5,50,30,20,7,4,7,6,4,6,2,2,1,1,4,7,4,7,6,6,7
C,89,obc,1,1,1,3,3,2,3,2,5,3,3,4,3,5,4,3,4,2,5,3,5,7,6,5,3,5,6,1,1,3,4,4,4,4,2,4,3,4,2,4,4,3,2,2,8,1,NA,1,3,7,5,5,3,2,50,60,2,7,6,5,5,1,6,2,5,5,4,3,30,50,60,6,6,6,5,5,6,3,3,2,2,5,5,5,3,3,5,6
C,90,gm,3,3,3,5,3,1,3,2,3,1,3,3,3,2,2,3,3,3,3,3,3,1,1,2,3,3,2,1,3,3,5,3,3,4,2,3,3,2,3,1,3,4,3,2,8,1,NA,1,4,3,3,6,1,4,90,90,1,2,3,5,4,6,6,2,4,5,1,3,70,80,98,3,2,6,4,3,1,2,4,3,4,4,1,3,2,4,4,2
C,60,obc,3,4,1,5,5,2,5,1,1,3,5,5,1,5,5,5,5,1,5,5,2,7,7,1,1,4,4,4,3,5,4,4,4,4,2,2,4,3,3,5,2,2,2,1,5,1,NA,1,3,7,7,7,3,1,80,50,7,1,1,1,1,7,1,1,1,1,3,3,80,90,75,7,7,7,7,7,7,2,6,6,1,6,4,4,7,1,7,7
C,61,obc,2,1,2,1,2,1,3,3,3,3,1,1,5,4,2,1,5,1,2,2,1,1,2,2,3,2,4,1,1,2,2,3,2,1,3,4,1,1,2,3,4,1,3,2,5,1,NA,1,3,2,1,3,3,5,75,75,1,2,3,7,2,3,2,3,3,4,2,3,90,25,15,1,2,3,4,1,3,1,1,1,1,2,3,2,2,1,3,2
C,62,obc,3,1,3,3,3,1,3,2,2,1,2,3,3,2,2,2,3,1,3,3,3,1,4,3,1,1,7,1,3,3,2,1,3,5,3,3,1,3,1,3,3,3,7,2,6,1,NA,1,3,3,2,7,1,4,100,99,2,2,2,3,4,2,7,2,6,3,1,2,35,56,40,3,2,7,2,3,4,2,7,4,3,2,6,4,2,3,4,2
C,63,scst,4,4,1,5,5,4,4,1,5,5,4,4,1,5,4,4,4,1,5,4,2,3,3,3,5,6,1,4,5,4,4,3,5,5,2,5,4,3,3,2,4,4,2,2,6,1,NA,1,1,7,7,7,2,2,68,58,1,1,6,6,5,1,1,7,6,5,5,3,20,60,10,7,7,7,6,6,4,5,6,1,1,4,6,4,7,4,4,7
C,64,gm,3,3,1,3,3,1,2,1,1,3,NA,1,5,2,3,3,1,NA,NA,NA,5,4,3,2,7,7,4,2,3,3,3,4,3,4,2,3,3,5,1,3,3,5,3,1,6,1,NA,1,4,7,7,7,3,2,90,90,1,1,7,7,6,1,5,6,3,3,3,3,80,50,50,6,5,7,6,3,4,6,3,5,6,6,2,5,2,7,4,5
C,65,gm,5,3,1,5,3,2,4,1,4,3,2,3,1,5,3,2,3,1,4,3,5,6,3,1,2,7,2,3,3,4,3,4,3,4,2,3,2,5,3,4,2,2,2,1,5,1,NA,6,4,7,7,6,3,2,40,20,NA,4,4,5,7,4,4,5,2,2,3,2,80,40,60,5,4,6,4,2,6,6,2,1,2,4,6,4,3,5,6,7
C,66,obc,3,3,1,3,4,3,4,2,3,4,4,3,3,3,4,5,4,2,3,5,3,6,6,4,1,2,2,2,3,2,3,2,3,2,3,4,NA,4,3,2,3,3,NA,1,6,1,NA,1,3,7,4,2,5,3,70,100,1,1,1,5,5,1,4,2,NA,NA,5,NA,100,NA,NA,7,7,7,NA,6,7,1,7,1,1,4,7,NA,6,7,1,7
C,67,scst,3,5,1,5,3,2,1,2,5,4,4,4,3,5,4,4,5,2,4,4,NA,7,7,6,4,2,4,5,5,5,3,5,3,1,5,3,4,5,4,5,3,3,NA,1,6,1,NA,1,2,7,5,7,5,NA,80,100,1,1,1,5,4,1,4,1,1,1,5,1,50,30,50,7,7,7,4,6,7,1,7,1,1,5,6,7,7,6,7,7
C,68,gm,4,4,2,3,3,3,4,1,4,4,5,5,2,5,5,3,3,2,2,2,2,7,7,6,2,2,6,3,2,2,2,3,5,5,5,5,5,4,5,4,4,4,2,1,8,1,NA,1,4,7,6,6,5,1,70,40,1,1,2,3,2,1,1,2,2,1,5,2,30,40,70,7,6,5,2,3,2,1,1,1,6,6,6,6,6,6,6,6
C,69,gm,4,4,1,5,3,3,4,1,3,3,4,3,1,5,5,1,2,4,1,1,4,7,7,6,1,1,6,1,1,1,1,2,4,3,1,2,3,5,3,1,3,4,2,1,10,1,NA,1,4,7,6,6,3,1,82,75,1,3,4,2,3,1,3,5,3,7,1,5,85,80,90,7,7,5,6,4,5,6,6,7,3,4,5,7,1,2,7,7
C,70,scst,5,4,3,4,4,3,3,1,4,5,5,5,2,5,5,5,5,1,4,5,2,7,7,1,1,4,4,5,5,5,5,4,4,4,2,3,4,3,3,4,2,2,2,1,5,1,NA,1,2,7,7,7,3,1,80,50,7,1,1,1,4,7,1,1,1,1,3,3,80,90,75,7,7,7,7,7,7,2,6,6,1,6,4,4,7,1,7,7
C,71,obc,4,3,1,4,2,5,5,3,5,4,5,5,3,5,4,2,3,2,4,3,4,7,7,4,4,4,5,1,5,3,3,1,1,1,1,4,5,5,3,4,4,5,2,2,5,1,NA,1,3,7,7,4,5,3,90,90,1,1,2,2,1,1,1,1,2,1,3,3,30,35,35,7,4,7,4,4,4,4,5,4,7,4,4,7,7,4,5,7
C,72,gm,3,2,3,2,4,3,4,2,3,3,4,3,2,4,4,2,2,3,3,3,4,5,5,6,2,2,4,1,3,NA,4,3,4,5,2,5,1,4,4,1,4,3,2,2,NA,1,NA,1,4,6,5,3,3,4,60,65,6,5,1,4,3,5,4,1,2,3,4,3,50,60,60,6,5,4,3,2,5,4,3,2,2,3,5,4,2,2,4,7
C,73,scst,5,5,2,5,5,5,4,2,5,4,5,5,3,3,4,3,4,3,4,4,4,3,3,4,5,7,5,5,4,5,4,3,1,4,1,3,1,1,4,4,2,1,2,2,7,1,NA,1,1,7,7,6,3,4,80,75,7,5,2,4,4,7,7,4,5,5,3,1,40,30,25,7,4,6,5,4,1,5,6,4,3,5,6,4,1,1,NA,6
C,74,obc,3,4,3,2,2,3,5,2,3,3,2,3,5,3,5,3,3,3,5,5,7,6,2,5,6,7,1,5,1,4,4,4,4,5,5,4,1,4,5,2,3,5,3,2,6,1,NA,1,3,7,7,7,5,1,75,79,2,2,1,3,7,1,5,3,2,5,5,1,75,55,45,6,5,6,7,5,5,6,6,5,4,5,6,7,5,6,5,6
C,75,scst,4,4,1,5,4,4,4,1,5,4,3,3,3,5,4,3,4,3,4,3,2,1,1,4,1,1,3,1,4,4,1,1,2,2,3,1,2,1,4,2,1,1,3,2,3,1,NA,1,2,7,7,7,4,4,65,80,1,7,6,5,4,3,1,1,4,6,2,5,15,25,60,6,7,7,6,1,6,1,1,1,6,1,7,1,7,6,6,7
C,76,obc,4,4,2,5,4,4,4,2,4,4,4,4,2,5,4,4,4,2,4,4,7,6,5,4,1,1,4,3,2,4,4,4,1,2,2,1,2,4,3,4,2,1,2,2,5,1,NA,1,3,7,2,1,4,2,70,99,1,1,1,4,6,4,2,4,5,2,4,3,70,30,40,7,5,7,2,1,4,4,2,7,4,6,1,4,7,7,4,7
C,78,obc,5,5,3,5,5,5,5,2,5,5,5,5,2,5,4,5,4,5,4,4,2,7,7,2,1,2,5,1,1,4,5,1,2,5,5,5,1,4,4,4,5,1,2,2,4,1,NA,1,3,7,7,1,3,2,90,85,6,1,7,7,7,7,7,7,7,7,2,3,80,10,10,7,5,7,7,7,5,2,6,1,1,1,7,7,1,1,6,7
C,79,obc,5,2,1,5,2,2,2,1,5,3,2,3,5,5,3,2,5,1,3,3,7,7,7,7,7,7,7,3,4,5,3,4,1,2,1,1,4,1,2,4,1,1,2,2,6,1,NA,1,3,7,7,2,5,5,80,100,1,7,7,1,1,1,7,1,1,7,5,5,80,60,60,7,1,7,1,7,1,1,2,7,1,7,4,1,7,4,1,7
C,80,obc,3,5,2,3,5,3,4,3,3,3,5,5,1,4,5,1,3,1,2,2,2,6,5,2,7,7,6,1,1,5,4,1,5,2,2,3,3,2,2,3,5,4,2,NA,6,NA,NA,1,3,7,7,5,2,5,50,75,7,7,5,5,6,7,7,7,6,6,4,4,75,50,80,7,5,4,5,5,5,6,7,1,5,5,4,7,6,7,5,5
C,81,scst,3,2,4,1,2,3,3,4,1,4,3,3,2,3,3,2,2,4,1,1,6,7,6,5,7,7,1,4,5,3,4,2,3,2,4,4,3,2,3,4,4,2,3,1,6,1,NA,1,1,7,7,7,2,2,70,90,4,3,4,4,4,1,1,1,4,4,5,1,90,80,90,7,6,7,5,7,6,4,3,7,3,4,4,4,5,3,3,5
C,82,obc,4,4,1,5,3,3,4,1,4,3,4,3,1,5,5,3,3,1,3,4,4,7,7,5,2,4,3,2,1,3,5,4,4,3,1,2,2,5,3,5,3,4,2,1,6,1,NA,1,3,7,6,2,1,1,80,75,1,3,3,5,7,1,4,5,5,7,4,1,50,30,20,7,5,6,6,7,5,6,4,4,1,4,7,7,1,4,7,7
C,83,gm,5,4,1,5,5,4,4,1,1,4,5,4,1,5,4,5,5,1,2,5,3,7,7,6,2,2,3,2,1,4,5,5,3,2,4,5,3,4,4,4,3,4,2,1,9,1,NA,1,4,6,6,4,2,2,70,90,2,1,3,2,2,1,5,2,3,6,4,4,30,20,50,7,6,6,6,4,4,1,1,1,2,3,6,6,7,4,7,7
C,84,gm,5,4,3,4,5,5,4,2,4,5,5,4,2,5,4,5,4,3,4,5,2,6,6,6,2,2,2,2,2,2,2,3,2,2,3,5,1,4,5,4,5,2,2,1,7,1,NA,6,4,7,6,4,1,5,80,60,5,2,5,5,2,6,3,7,5,3,2,4,75,10,15,7,5,4,6,6,3,1,1,1,1,1,7,7,2,2,7,7
D,91,obc,5,5,3,4,3,5,5,3,5,4,3,4,4,4,3,5,5,3,3,3,7,2,1,3,1,7,6,4,1,5,2,4,4,3,4,3,2,5,3,5,2,4,2,2,5,1,NA,1,3,7,7,7,4,5,70,80,7,7,5,6,1,5,1,7,2,4,1,4,40,60,30,7,5,5,4,2,1,2,2,4,5,2,3,4,7,5,2,4
D,99,obc,3,3,NA,4,3,4,5,1,5,5,4,3,2,4,4,3,3,5,3,3,5,7,7,5,1,3,6,2,3,5,5,3,5,5,4,5,5,3,4,4,4,3,3,2,9,1,NA,1,3,7,7,6,5,5,100,100,6,7,5,4,5,7,6,5,2,6,2,3,80,75,50,6,5,4,2,4,5,6,7,2,5,6,5,6,4,5,6,3
D,109,obc,4,3,4,2,2,3,4,4,2,3,5,2,1,2,4,1,3,4,3,5,1,5,1,5,6,6,1,2,5,5,2,2,5,3,2,1,4,2,3,4,2,3,3,2,9,1,NA,1,3,7,7,7,5,4,100,100,5,2,2,4,3,1,3,6,5,6,1,1,80,100,90,4,5,7,6,2,4,6,5,7,4,1,5,4,4,5,1,4
D,118,scst,5,4,NA,4,5,4,4,4,3,5,5,4,2,4,4,3,4,5,5,2,1,1,2,3,1,3,6,5,5,3,3,1,5,4,1,5,5,1,1,1,5,5,3,2,9,1,NA,1,1,7,7,7,3,2,100,100,6,1,1,7,7,7,1,1,7,7,1,1,89,90,100,6,7,6,6,7,6,6,7,5,1,7,7,7,1,7,NA,1
D,146,gm,4,5,1,3,3,3,5,1,5,5,5,4,2,5,5,2,3,4,3,2,6,3,3,4,4,6,1,2,2,3,4,2,5,5,4,5,5,3,2,2,4,1,3,2,10,1,NA,1,4,7,6,6,3,3,80,60,7,7,7,7,6,7,7,7,7,6,2,2,NA,NA,NA,7,7,7,7,6,3,5,5,5,1,3,7,4,6,3,5,6
D,149,scst,1,5,2,2,3,2,2,3,2,NA,2,3,2,3,2,3,3,3,3,3,5,4,NA,2,7,NA,1,3,3,2,2,2,NA,2,NA,1,NA,NA,1,3,2,NA,2,2,10,1,NA,1,1,2,3,5,4,3,100,100,7,7,7,6,5,2,3,5,3,3,1,2,100,100,NA,1,2,4,3,NA,NA,1,2,3,NA,NA,2,4,1,NA,NA,NA
D,92,scst,4,5,3,3,5,5,4,2,3,5,3,2,1,1,1,5,5,3,3,4,7,2,2,1,1,7,7,5,5,5,5,5,3,5,4,5,5,3,1,1,5,3,3,2,5,1,NA,1,1,7,7,7,5,4,60,80,1,1,7,7,7,1,1,1,1,7,5,5,20,50,30,7,7,4,4,4,7,4,4,4,4,4,NA,1,1,7,4,4
D,93,obc,4,3,1,5,4,5,5,1,5,5,5,4,1,5,5,2,2,4,2,2,4,6,6,4,7,2,5,2,3,5,4,2,1,2,1,5,3,4,3,3,4,3,2,2,5,1,NA,1,3,7,7,1,3,NA,50,90,4,4,4,4,4,5,5,5,4,4,5,3,50,50,60,3,5,5,4,5,4,5,4,1,4,4,3,7,3,5,4,4
D,94,scst,5,3,1,5,3,3,3,4,5,3,3,3,5,5,5,3,3,5,5,3,6,6,6,3,4,2,5,2,3,5,4,4,4,5,5,4,1,3,5,4,3,4,2,2,6,1,NA,1,2,7,7,6,3,2,80,90,5,2,2,6,3,7,6,7,6,4,5,2,70,20,10,4,5,6,2,6,7,4,7,5,2,5,3,7,4,7,5,6
D,95,scst,5,5,5,5,NA,5,5,2,4,5,2,3,1,3,3,5,5,2,3,3,7,2,2,1,1,7,2,5,5,5,5,5,4,5,4,4,5,3,5,5,5,4,3,2,5,1,NA,1,1,7,7,7,2,4,90,80,3,1,1,7,7,1,2,7,1,1,5,1,20,50,30,7,7,6,1,1,1,2,7,7,7,1,1,4,4,7,7,7
D,96,scst,4,3,1,4,4,3,4,3,5,3,4,5,2,5,3,4,4,2,4,3,1,1,2,2,2,4,4,5,4,4,3,3,3,3,3,4,4,2,3,3,3,4,2,2,2,1,NA,1,1,7,7,7,2,2,80,75,2,2,1,2,2,3,3,2,3,2,3,3,50,20,30,6,5,5,4,6,6,2,2,3,4,4,6,4,2,2,6,7
D,97,scst,2,3,4,5,4,3,4,5,3,4,3,5,4,4,4,3,4,3,4,3,1,1,2,3,5,4,6,5,4,4,3,2,3,3,4,3,5,1,3,2,3,4,3,NA,2,1,NA,1,1,7,6,7,1,4,90,80,5,4,4,3,5,5,4,6,5,4,3,3,30,50,90,4,3,5,2,4,4,5,3,5,5,4,3,5,4,5,3,6
D,98,scst,NA,2,1,5,2,3,2,2,5,2,2,2,2,5,3,5,5,1,3,2,1,1,1,1,7,6,1,5,4,3,4,3,5,4,5,1,5,5,4,5,5,5,3,2,7,1,NA,1,1,7,7,7,1,5,75,100,7,7,6,7,7,7,6,5,7,7,5,5,40,35,25,7,7,6,1,7,6,7,7,7,7,1,7,5,7,1,4,7
D,100,gm,3,3,1,1,3,5,5,1,5,5,5,5,1,5,5,3,1,2,3,2,6,6,NA,NA,3,3,4,1,1,5,5,3,5,5,1,5,1,1,1,3,3,1,2,2,1,1,NA,1,4,7,7,7,3,4,75,75,7,7,7,7,7,7,7,7,7,4,2,1,50,65,75,2,6,6,5,6,7,7,6,4,4,NA,1,1,5,4,4,7
D,101,gm,3,4,3,4,3,3,3,1,5,5,5,4,3,5,5,2,3,1,1,3,5,5,7,7,6,7,3,1,4,3,2,3,5,5,1,1,1,1,5,1,1,1,3,2,2,1,NA,1,4,7,6,6,5,4,70,60,7,1,6,2,7,7,1,1,1,1,5,1,40,70,40,3,7,6,5,7,7,6,1,5,4,2,5,6,7,1,4,7
D,102,scst,3,2,NA,4,1,3,2,4,1,3,3,2,2,3,3,3,3,2,3,3,1,3,2,3,1,3,2,5,5,3,3,2,2,5,3,2,4,1,3,1,4,2,2,2,6,1,NA,1,2,2,1,3,3,2,80,95,3,2,2,6,2,4,1,7,4,5,3,2,70,55,75,3,2,4,2,3,5,1,3,4,4,3,2,3,4,1,3,1
D,103,obc,4,5,1,5,3,5,5,1,5,4,5,5,1,5,4,4,5,1,5,5,2,3,3,2,7,5,3,2,5,5,5,4,3,4,3,5,5,3,4,4,5,5,3,2,6,1,NA,1,3,7,7,7,5,1,75,70,5,7,1,5,7,5,7,1,1,5,2,4,20,50,30,5,6,6,2,1,5,5,7,4,5,6,7,7,1,7,7,7
D,104,obc,4,5,3,1,4,5,5,3,1,4,5,4,3,4,4,2,3,3,2,2,2,6,6,3,1,5,7,2,3,5,4,3,1,4,2,5,1,4,5,5,2,1,2,2,7,1,NA,1,3,7,7,7,5,1,82,78,6,4,6,7,5,3,4,6,2,7,5,1,20,50,30,3,5,3,7,1,6,5,3,6,3,5,1,7,6,2,4,6
D,105,gm,5,5,2,5,5,5,5,1,5,5,2,3,4,3,2,4,4,3,3,3,1,6,6,5,1,5,3,1,1,1,1,3,3,1,1,4,4,5,3,4,3,2,2,2,5,1,NA,1,4,7,5,4,1,5,80,80,2,4,5,1,1,1,4,5,5,1,2,5,10,30,60,7,7,2,5,6,7,1,1,1,1,1,7,1,7,4,7,7
D,106,gm,2,5,1,4,4,4,5,3,5,3,5,4,2,5,4,3,3,4,2,3,4,6,4,6,5,7,5,5,5,2,3,3,2,3,3,1,2,3,2,3,3,3,2,2,6,1,NA,1,4,6,6,6,3,3,80,90,5,4,3,3,4,6,5,5,6,4,5,4,70,20,10,5,4,6,6,4,6,2,2,1,4,5,NA,4,6,4,6,7
D,107,obc,5,5,1,5,4,4,5,1,5,5,5,5,2,5,4,5,5,2,5,4,5,3,2,4,3,5,4,4,3,4,2,4,4,3,1,4,2,2,3,1,4,1,2,2,7,1,NA,1,3,7,7,4,4,4,80,80,7,6,6,6,7,6,6,7,5,3,4,4,33,33,33,7,6,5,6,6,6,5,6,1,3,5,7,7,2,6,6,7
D,108,gm,3,2,3,4,3,2,2,3,5,3,4,2,3,4,3,4,3,3,4,3,3,4,2,5,2,4,3,1,3,4,3,5,4,2,1,3,2,4,2,1,2,1,4,2,2,1,NA,1,4,6,5,2,3,4,50,50,4,3,7,4,4,1,2,4,3,5,4,3,50,20,30,2,3,5,4,2,3,5,4,7,7,2,7,1,5,7,7,7
D,110,scst,3,3,4,5,3,4,3,3,5,4,3,4,4,5,3,3,4,2,3,3,5,2,3,6,3,2,4,3,2,1,4,4,4,4,5,1,2,4,4,1,1,4,4,2,6,1,NA,1,1,7,7,7,5,2,100,100,1,3,5,6,4,1,5,4,4,3,5,1,80,75,90,6,6,6,6,6,6,6,4,3,4,4,3,3,4,4,4,2
D,111,gm,2,4,3,5,5,5,5,1,5,4,5,5,3,5,5,3,3,2,3,2,6,6,6,3,1,2,3,2,1,4,5,3,4,4,4,3,3,1,2,1,4,3,2,1,5,1,NA,1,4,7,6,5,5,4,40,80,2,2,3,2,3,7,6,3,4,4,2,2,35,45,20,4,5,3,4,3,5,3,7,4,7,3,1,3,2,4,3,7
D,112,obc,2,3,3,5,5,5,5,1,5,5,5,4,1,5,5,1,3,3,3,2,NA,7,7,5,1,3,3,1,1,5,5,3,4,2,1,5,3,1,2,1,5,3,2,1,7,1,NA,1,3,7,7,7,5,4,35,35,3,7,6,4,5,4,7,7,5,4,4,4,40,50,30,4,5,6,4,3,4,4,3,7,2,3,5,4,2,3,6,7
D,113,gm,5,5,1,2,5,5,5,1,3,5,5,5,1,3,5,5,5,1,3,5,7,7,7,6,7,NA,1,5,1,3,1,1,3,3,1,5,1,1,3,5,5,5,2,1,10,1,NA,1,4,7,7,7,5,3,100,100,7,7,7,7,5,7,4,5,6,6,3,3,100,50,100,4,4,4,4,4,4,7,7,7,7,6,5,6,5,6,5,6
D,114,scst,5,5,1,2,5,5,5,1,2,5,5,5,1,2,5,5,5,1,2,5,7,7,7,6,7,7,1,5,5,5,1,1,2,3,1,3,1,1,3,5,5,5,2,1,10,1,NA,1,1,7,7,7,5,1,100,100,7,5,6,6,7,1,1,1,7,2,1,5,100,70,100,4,4,4,4,4,4,7,7,7,7,7,1,7,7,7,7,7
D,115,gm,5,5,1,2,5,5,5,1,5,5,5,5,1,5,5,4,5,1,3,5,NA,7,7,7,1,6,5,5,5,5,5,5,2,3,3,5,1,1,2,3,2,5,2,1,6,1,NA,1,4,7,7,7,5,1,100,100,7,5,1,1,1,1,1,1,2,1,5,1,100,80,80,7,7,7,7,7,7,7,7,7,7,7,7,6,7,7,6,7
D,116,obc,4,5,5,3,4,4,5,5,4,4,3,2,4,3,3,2,3,3,2,2,2,2,2,6,7,4,3,1,2,5,5,2,1,3,1,4,2,3,2,5,2,2,3,1,5,1,NA,1,3,7,7,7,5,4,60,70,7,2,5,7,7,1,7,2,7,1,5,4,80,60,40,7,2,4,4,5,4,4,5,6,2,4,1,4,1,3,5,7
D,117,obc,5,4,4,5,4,4,3,2,3,3,5,5,2,5,4,3,2,4,3,3,1,6,2,1,1,5,3,1,1,5,5,3,3,4,3,4,3,5,5,4,3,5,2,1,7,1,NA,1,3,7,6,7,5,4,70,100,7,7,4,NA,7,7,1,7,7,1,4,4,50,75,40,4,5,7,7,3,6,2,1,2,4,6,5,6,1,6,4,7
D,119,gm,2,1,5,5,5,5,5,4,5,5,4,5,5,5,3,5,5,5,5,5,1,5,4,6,5,7,1,1,1,5,5,3,5,4,5,5,1,5,4,5,5,5,2,1,1,1,NA,1,4,7,7,7,1,5,70,100,7,7,7,5,1,7,2,6,7,6,5,1,50,100,20,1,3,4,2,6,7,1,7,5,1,6,5,1,6,7,6,7
D,120,obc,3,4,NA,2,2,4,4,3,3,5,3,2,2,1,2,3,4,2,3,2,5,7,5,4,3,5,5,3,4,5,4,3,3,3,3,4,3,4,4,5,5,3,3,1,4,1,NA,1,3,7,7,7,5,1,80,100,1,1,7,7,1,1,1,5,1,1,5,5,50,90,50,6,6,5,5,5,6,1,2,2,6,6,6,7,5,5,7,7
D,121,gm,3,3,4,5,3,3,3,3,3,3,2,3,3,3,3,2,2,5,1,2,4,4,5,7,1,1,7,1,1,2,2,3,3,3,3,3,3,5,5,5,5,5,2,1,4,1,NA,1,4,7,4,4,3,1,60,65,1,1,4,1,1,1,2,2,3,3,3,3,40,40,40,7,7,4,4,3,4,4,4,4,3,2,7,7,1,4,7,7
D,122,gm,3,3,1,3,3,3,3,1,4,3,2,3,1,4,3,2,4,1,1,2,1,7,7,5,1,1,7,1,1,1,2,3,1,4,5,5,5,5,5,4,2,1,2,1,6,1,NA,1,4,7,1,1,5,3,85,85,4,1,6,5,1,1,1,5,6,6,2,5,45,60,70,7,6,4,7,3,5,2,1,1,1,2,7,2,6,7,6,7
D,123,obc,2,2,3,5,3,5,5,2,5,5,5,5,2,5,5,4,3,3,4,2,2,7,7,6,1,2,6,1,1,5,4,3,3,4,2,1,2,4,2,4,4,4,2,1,7,1,NA,1,3,2,2,2,2,4,40,35,3,3,4,3,1,1,2,4,5,6,2,2,40,50,30,2,4,5,2,6,2,6,4,2,4,6,2,6,6,2,6,4
D,124,obc,4,4,1,4,3,4,4,1,5,4,4,4,1,5,4,3,4,1,4,3,6,7,7,6,4,6,4,4,3,2,3,2,5,3,3,4,2,3,3,3,3,2,2,1,6,1,NA,1,3,7,1,1,5,1,60,80,1,2,1,1,3,1,1,1,1,1,5,1,15,35,60,7,4,3,5,4,3,1,1,1,1,1,7,7,1,1,7,7
D,125,obc,5,5,1,5,5,5,5,1,5,5,5,5,1,5,5,5,5,1,5,5,5,6,6,6,3,6,3,2,2,2,2,2,1,1,1,1,1,4,1,2,1,1,2,1,6,1,NA,1,3,7,1,1,3,3,70,100,1,5,1,1,1,2,4,5,4,1,3,4,40,40,20,7,7,7,7,7,7,1,1,1,1,1,7,7,1,1,7,7
D,126,obc,3,4,1,5,4,3,NA,NA,NA,NA,5,4,1,5,4,3,4,4,4,4,3,4,NA,5,6,5,6,1,3,1,NA,1,1,1,5,5,4,1,2,5,3,4,2,2,4,1,NA,1,3,7,7,7,3,3,70,90,1,NA,7,7,7,1,1,7,7,5,3,3,20,60,20,4,7,2,3,7,7,7,6,7,7,6,5,4,3,2,1,7
D,127,scst,2,3,3,3,3,3,2,3,5,3,3,2,3,3,3,3,3,3,3,3,3,4,4,3,5,5,2,4,2,3,4,2,2,4,3,2,5,3,4,3,2,4,3,2,8,1,NA,1,1,6,7,7,4,2,70,80,5,5,4,5,6,4,3,6,4,5,4,4,40,30,30,5,3,4,4,5,5,6,6,5,6,5,5,7,7,6,5,5
D,128,obc,5,3,2,4,3,5,4,2,5,5,5,5,3,5,5,4,3,2,3,2,3,6,6,2,1,5,5,5,2,4,3,4,2,3,1,5,1,4,4,4,3,1,3,2,2,1,NA,1,3,7,5,1,3,2,70,70,1,6,1,5,2,1,5,4,3,2,2,3,60,30,10,7,6,5,4,5,6,1,5,4,5,2,6,7,6,5,4,7
D,129,obc,5,4,2,5,4,5,5,2,5,5,5,4,2,5,5,5,4,2,5,4,3,7,7,3,2,2,4,2,2,4,4,2,3,3,3,3,3,4,4,4,3,3,2,2,6,1,NA,1,3,7,5,4,3,3,50,60,1,1,1,4,1,3,1,2,4,4,3,3,60,36,10,6,5,5,4,6,6,4,5,4,5,3,6,3,4,3,4,5
D,130,scst,4,5,1,2,5,4,5,1,5,5,5,5,1,5,5,2,3,1,3,2,4,5,4,4,4,4,4,4,3,4,4,3,2,1,1,5,4,3,3,1,NA,4,3,1,NA,1,NA,1,2,7,1,1,4,NA,50,50,1,7,4,4,4,1,NA,3,1,7,2,NA,55,25,25,4,4,4,4,NA,5,1,1,1,1,1,7,7,1,7,NA,7
D,131,scst,5,4,3,3,3,3,3,3,2,3,5,3,3,2,3,1,2,3,1,1,4,3,3,3,4,4,4,5,5,5,4,5,5,5,4,4,4,1,2,3,3,2,2,1,NA,1,NA,1,2,7,7,7,3,3,NA,100,6,1,5,2,1,1,2,2,6,1,3,3,50,60,40,1,3,6,5,1,4,1,6,2,1,4,7,1,6,2,5,7
D,132,scst,3,1,5,5,5,4,1,1,3,4,4,NA,5,1,4,4,1,1,1,4,1,2,2,5,4,7,6,5,5,4,3,3,5,5,4,4,4,1,2,4,2,1,2,1,9,1,NA,1,2,7,7,7,3,3,80,100,6,1,5,2,1,1,2,1,6,1,3,4,50,60,40,1,3,6,5,1,4,1,6,2,1,4,7,1,6,2,5,7
D,133,scst,5,5,3,5,5,5,3,3,5,4,3,5,1,5,5,3,4,NA,3,3,3,NA,2,4,4,NA,1,5,5,4,3,4,1,1,3,5,5,1,5,3,2,3,2,NA,NA,1,NA,1,1,7,7,7,4,1,50,70,1,4,5,6,7,1,1,1,7,7,5,5,30,40,60,7,7,6,2,2,3,2,2,5,1,3,7,7,1,1,2,1
D,134,scst,5,5,3,5,5,5,3,3,5,4,3,5,1,5,5,3,4,1,3,3,1,4,2,4,4,3,5,5,4,4,3,4,1,1,1,5,5,1,5,3,2,3,2,NA,3,1,NA,1,1,7,7,7,4,1,50,50,1,4,5,6,7,1,1,1,7,7,5,5,50,40,60,7,7,6,2,2,3,2,2,5,1,3,7,7,1,1,2,1
D,135,scst,5,5,3,4,3,5,3,3,5,4,3,5,1,4,5,4,1,1,4,3,1,3,4,3,2,6,3,5,4,4,3,4,1,1,1,2,5,1,5,3,2,3,3,NA,4,1,NA,1,1,7,7,7,4,1,50,50,1,4,5,6,7,1,1,1,7,7,5,5,50,40,60,7,7,6,2,2,3,2,2,5,1,2,7,7,7,1,2,1
D,136,gm,2,2,5,4,2,5,5,5,3,4,3,5,2,3,2,1,2,5,3,3,4,1,4,5,3,7,1,1,1,5,4,5,5,3,5,5,5,4,5,5,4,2,2,1,8,1,NA,1,4,7,7,7,1,3,80,85,7,7,5,7,7,7,4,7,6,7,5,1,50,80,40,7,6,7,7,7,7,2,4,2,6,6,1,2,6,7,7,NA
D,137,gm,2,2,2,2,2,2,2,2,3,2,4,5,1,5,5,3,3,3,2,2,1,1,1,1,7,7,1,1,1,5,5,2,5,3,5,5,1,4,5,5,2,2,2,1,8,1,NA,1,4,7,7,7,1,5,80,100,7,7,7,7,7,7,3,7,7,7,5,1,40,80,40,7,7,7,7,2,7,2,2,2,2,2,7,1,7,7,7,7
D,138,gm,2,5,1,5,3,5,5,1,5,5,3,5,1,5,4,1,3,1,5,3,6,6,7,7,7,7,3,1,1,5,5,3,5,4,5,5,5,4,5,5,3,2,2,1,9,1,NA,1,4,7,7,7,1,3,89,100,7,7,5,7,7,7,4,7,7,7,5,1,90,89,85,7,7,7,7,7,7,7,1,2,2,3,7,2,7,7,1,2
D,139,obc,5,4,1,5,5,4,5,1,5,5,4,5,1,4,5,4,5,2,4,2,3,7,6,4,2,5,1,1,1,5,5,3,1,3,4,5,5,5,4,3,5,1,2,1,3,1,NA,1,3,7,6,7,5,4,100,90,7,2,6,4,1,2,1,4,4,1,3,5,10,80,50,6,1,3,2,4,7,1,4,2,4,2,6,3,4,2,6,7
D,140,obc,5,3,2,3,3,4,4,2,2,3,5,4,3,3,4,3,3,3,1,2,3,3,3,4,4,5,2,2,2,3,3,2,5,5,3,3,3,5,5,5,3,3,2,1,5,1,NA,1,3,6,1,1,1,5,45,75,2,1,2,3,1,5,2,1,2,1,4,2,70,60,60,6,6,6,4,5,5,3,4,4,1,1,1,4,1,1,4,6
D,141,obc,5,5,3,5,5,5,5,5,5,5,4,5,5,5,5,5,4,5,4,5,4,2,2,3,3,4,3,5,5,5,5,5,5,5,4,4,5,5,5,4,4,4,2,1,5,1,NA,1,3,5,1,1,1,5,40,60,4,3,1,2,1,4,2,2,6,4,4,4,80,50,60,2,3,1,4,6,5,1,6,6,1,2,3,4,5,6,7,NA
D,142,scst,5,5,1,5,5,5,5,1,5,4,5,5,1,3,4,2,3,2,3,3,2,2,4,6,5,3,4,5,4,4,4,3,4,5,4,5,4,3,4,3,5,2,2,1,5,1,NA,1,1,6,6,3,1,3,50,70,6,5,4,5,6,6,7,6,6,6,2,4,40,50,10,6,6,5,6,4,2,4,5,4,4,5,7,7,2,6,5,6
D,143,scst,5,5,1,5,4,5,4,1,5,5,5,5,1,5,4,5,4,1,4,3,NA,1,1,5,5,4,4,4,4,4,4,4,3,3,4,5,3,2,3,2,2,2,2,1,6,1,NA,1,1,7,6,1,5,2,90,100,3,4,4,4,4,2,2,5,3,1,3,3,50,25,25,NA,NA,NA,NA,NA,NA,4,5,1,4,5,4,4,3,3,4,4
D,144,scst,5,5,1,5,5,5,5,1,5,5,4,5,1,5,5,4,4,1,4,4,2,2,3,1,2,NA,2,4,4,2,4,4,3,4,1,1,1,3,3,1,2,2,2,1,5,1,NA,1,1,7,4,1,2,4,100,100,6,5,1,1,3,1,5,5,4,4,2,3,90,80,50,4,6,6,6,7,7,4,4,4,4,4,7,4,7,5,4,7
D,145,scst,3,NA,1,3,3,5,3,4,4,5,3,4,2,3,4,3,3,2,3,2,4,5,5,6,3,NA,2,5,5,4,4,4,5,4,4,5,5,4,3,1,3,3,2,1,NA,1,NA,1,1,7,7,7,3,3,80,70,7,1,1,7,1,1,1,7,3,4,4,4,70,90,80,1,3,3,4,4,4,4,3,4,5,6,7,6,6,6,6,7
D,147,obc,4,4,1,2,3,5,5,1,5,5,4,5,1,5,5,3,3,1,3,3,5,6,6,7,6,7,3,4,2,5,2,3,3,4,3,3,3,3,4,4,3,3,2,1,7,1,NA,1,3,7,7,6,3,3,70,90,7,7,7,6,4,7,7,7,7,4,3,3,70,90,90,7,6,7,5,4,4,4,4,4,4,4,5,4,5,5,6,4
D,148,obc,4,3,2,1,1,3,4,2,3,4,4,3,5,3,4,4,5,3,4,3,1,3,2,1,1,2,4,5,5,3,5,3,5,1,3,2,5,4,1,3,3,5,4,2,1,NA,NA,1,3,6,5,6,5,3,50,50,7,7,7,6,7,1,6,7,7,7,2,2,80,55,70,2,5,2,3,3,5,2,5,2,2,1,1,3,4,5,5,6
E,150,scst,5,5,1,3,3,5,5,1,3,3,3,4,1,2,3,2,1,5,5,3,4,5,5,7,1,1,5,5,1,3,5,1,1,2,3,5,5,1,5,2,4,5,2,2,9,1,NA,1,2,7,1,1,1,1,100,100,2,1,5,4,2,2,3,5,3,7,1,2,25,25,50,1,1,1,3,7,5,1,1,1,1,2,NA,3,2,4,6,7
E,167,obc,5,1,1,4,5,5,5,1,5,5,5,4,1,5,5,5,5,1,3,2,1,7,7,3,1,3,2,1,1,3,5,5,5,1,1,1,1,1,1,1,1,1,2,2,6,1,NA,1,3,7,7,4,4,1,100,100,1,1,1,1,1,1,1,1,1,1,4,1,12,60,40,7,7,7,7,7,7,1,1,1,1,1,7,5,1,1,7,7
E,171,obc,5,1,1,4,5,5,5,1,3,5,5,4,1,5,5,5,5,1,4,5,1,7,7,3,1,3,3,1,1,3,5,5,4,1,1,1,1,1,1,1,1,1,3,2,6,1,NA,1,3,7,7,4,4,1,100,100,1,1,1,1,1,1,1,1,1,1,4,1,10,60,30,7,7,7,7,7,7,1,1,1,1,1,7,6,1,1,7,7
E,172,scst,5,1,5,5,5,5,5,1,5,5,5,5,5,5,5,5,5,5,5,5,4,4,4,4,4,4,4,5,5,5,5,5,1,1,1,1,1,1,1,1,1,1,2,2,1,1,NA,1,1,7,1,7,3,3,100,100,1,4,4,4,4,7,7,7,7,7,3,3,100,100,100,4,4,4,4,4,4,4,4,4,4,4,4,4,4,4,4,4
E,173,obc,5,5,1,5,5,5,5,1,5,5,5,5,5,5,5,4,5,2,3,5,3,2,3,4,1,6,6,5,4,5,4,5,3,2,1,3,2,3,1,1,3,1,3,2,5,1,NA,1,3,6,5,5,1,4,70,70,1,1,1,3,1,1,1,1,3,1,4,5,30,40,30,7,7,7,7,7,7,1,1,1,1,1,7,7,1,1,1,7
E,174,gm,2,3,3,3,NA,2,3,1,2,2,1,2,3,3,2,2,4,5,3,5,NA,6,5,6,7,7,4,4,4,5,5,2,5,4,4,5,4,4,5,3,4,4,2,2,9,1,NA,6,4,5,4,6,5,4,80,90,6,6,7,7,6,6,7,6,4,6,4,3,40,10,50,6,NA,5,5,6,5,5,5,4,5,6,5,6,5,6,5,6
E,151,obc,5,5,1,4,5,5,5,1,4,5,5,5,2,3,4,5,4,2,2,3,NA,NA,NA,7,NA,NA,NA,1,1,4,5,5,1,5,1,5,5,5,1,5,5,5,2,1,2,1,NA,1,3,7,7,7,5,1,75,100,1,1,7,7,7,1,1,7,7,7,5,4,40,30,30,7,7,7,7,7,7,1,1,1,1,1,7,1,1,1,7,7
E,152,gm,NA,3,3,5,5,4,3,1,3,3,5,3,3,5,5,1,1,5,1,1,1,2,3,NA,1,1,7,1,1,5,3,1,5,4,3,5,5,5,5,5,3,3,2,1,5,1,NA,1,4,7,7,7,4,5,85,100,1,4,1,7,7,1,7,7,5,6,5,5,50,60,80,7,7,4,7,4,6,1,5,1,1,1,7,6,3,5,7,7
E,153,obc,5,5,3,5,4,5,5,2,5,5,4,4,1,4,5,3,3,4,4,4,4,6,6,4,2,6,2,2,3,3,5,2,3,3,4,5,5,3,4,3,5,3,2,2,5,1,NA,1,3,7,7,4,3,4,80,80,1,2,3,2,1,1,3,3,3,3,2,1,25,40,35,5,7,6,7,7,7,2,4,2,3,3,7,4,7,6,7,6
E,154,gm,NA,2,3,5,4,5,5,1,5,5,4,4,3,5,5,4,4,4,5,3,4,6,6,4,3,5,4,2,2,4,3,2,3,4,3,4,5,5,4,5,3,4,2,2,5,1,NA,1,4,7,7,4,3,4,83,75,2,2,3,3,4,3,2,4,3,3,2,2,90,84,89,7,6,7,6,5,6,2,1,2,4,7,5,6,3,4,3,4
E,155,scst,3,1,1,4,5,3,4,2,5,4,3,4,1,5,5,5,3,4,3,4,4,1,5,3,4,5,3,3,3,4,3,4,1,1,3,1,1,1,3,4,4,1,3,2,4,1,NA,1,1,7,7,7,5,5,70,70,1,4,5,5,2,3,2,4,5,4,1,4,60,50,35,7,6,6,7,7,7,1,2,1,2,4,7,5,1,1,6,7
E,156,scst,3,1,1,5,4,4,4,1,5,4,4,5,1,5,4,4,5,1,5,4,5,6,6,5,6,NA,5,5,4,3,3,3,4,3,3,4,4,4,3,2,3,3,3,2,6,1,NA,1,1,6,7,6,3,NA,99,100,2,3,4,4,4,3,4,3,5,4,3,3,80,90,100,7,6,5,4,3,6,1,2,1,2,1,5,3,1,6,4,5
E,157,scst,5,5,1,5,5,4,5,1,3,3,3,5,1,5,3,4,4,1,4,3,7,1,1,6,7,6,7,5,5,1,3,1,5,5,3,5,5,1,1,1,5,1,2,1,5,1,NA,1,1,7,7,1,5,3,85,80,1,7,1,7,7,5,7,7,5,7,3,2,2,85,13,7,7,7,7,7,7,1,1,2,1,1,7,1,1,1,7,7
E,158,scst,5,4,NA,5,5,4,4,1,3,3,5,5,3,3,3,3,4,1,3,3,5,7,7,1,4,1,1,5,5,5,4,4,5,5,3,5,5,1,1,1,3,1,2,1,6,1,NA,1,1,7,7,3,5,4,80,70,1,1,2,4,6,1,1,5,4,2,5,1,55,40,18,1,1,2,1,1,2,2,1,1,1,1,7,2,1,6,7,7
E,159,obc,3,3,3,3,4,3,4,3,3,3,3,3,3,2,3,4,3,2,2,2,4,4,1,1,1,4,1,5,5,5,2,1,3,3,3,5,5,5,5,5,5,3,3,1,3,1,NA,1,3,7,7,1,5,3,75,80,2,4,3,3,3,3,4,3,2,2,4,5,75,50,25,7,7,6,7,7,6,6,7,4,4,7,7,4,7,7,7,7
E,160,obc,5,4,1,3,4,4,3,1,3,3,5,4,1,3,4,3,3,1,3,3,2,7,7,2,1,5,4,1,3,3,5,1,3,5,3,5,5,4,4,5,5,3,3,1,3,1,NA,1,3,1,1,5,5,5,80,100,5,6,5,5,5,2,4,5,5,4,4,2,40,60,80,7,7,6,7,7,7,6,7,5,1,1,5,1,1,5,5,5
E,161,scst,1,5,3,3,4,3,3,3,3,5,5,5,5,3,3,1,1,2,2,3,7,7,4,NA,1,7,1,5,5,1,1,1,1,1,1,1,1,5,5,5,5,5,2,1,1,1,NA,1,2,7,7,7,4,2,89,80,1,1,1,1,1,1,1,1,1,1,2,1,80,20,75,1,2,7,7,7,7,7,7,7,4,4,4,4,1,4,6,7
E,162,gm,1,1,1,2,5,5,5,5,5,5,3,5,5,3,NA,3,NA,2,5,5,5,5,5,NA,2,2,2,5,5,1,1,1,3,3,3,3,3,1,2,3,4,3,2,1,6,1,NA,1,4,5,5,5,5,4,89,70,1,2,4,4,3,2,2,3,5,4,2,2,10,20,70,4,4,3,2,3,4,4,5,4,4,4,4,7,7,6,6,6
E,163,obc,5,5,1,5,5,5,3,1,5,5,5,5,1,5,5,5,5,1,5,5,NA,7,7,3,4,3,7,2,1,5,5,1,5,4,3,5,5,5,5,5,5,5,2,1,5,1,NA,1,3,7,7,7,5,2,60,50,6,1,6,1,7,1,7,7,7,1,4,1,10,30,60,1,6,6,7,7,7,1,1,1,1,1,7,1,7,1,7,7
E,164,obc,4,5,5,4,4,5,5,1,5,5,5,5,1,5,5,5,5,1,3,5,3,7,7,6,5,6,6,5,5,5,5,5,1,1,1,1,1,3,1,2,5,1,2,1,6,1,NA,1,3,6,6,1,2,1,75,99,1,2,1,1,3,1,2,1,1,4,4,5,5,90,5,2,3,2,3,1,7,1,1,3,2,5,3,2,4,2,5,2
E,165,obc,4,5,1,5,4,4,5,1,5,5,5,5,1,5,5,5,5,1,4,5,4,7,7,3,1,2,6,5,5,3,3,4,1,1,1,3,1,1,5,5,5,1,2,1,6,1,NA,1,3,7,7,6,2,2,60,55,1,2,1,4,1,1,1,4,4,3,3,1,10,65,35,7,4,6,6,6,6,2,4,1,1,1,1,1,7,7,7,7
E,166,obc,4,1,1,4,5,5,5,2,5,4,5,4,1,5,4,4,3,4,3,3,4,7,7,3,2,5,4,1,1,2,3,1,5,4,1,5,4,5,5,5,2,1,2,1,6,1,NA,1,3,7,7,1,5,1,80,80,1,2,2,1,2,1,1,2,2,2,2,3,70,30,40,7,7,6,7,7,7,1,1,1,2,3,7,6,7,1,7,7
E,168,scst,3,3,1,3,4,3,1,3,1,1,4,5,2,4,4,2,1,1,1,2,4,3,4,6,5,4,4,5,4,3,4,2,5,5,3,5,5,1,3,1,3,5,3,1,6,1,NA,3,1,7,7,7,4,4,65,70,3,1,5,3,1,3,7,1,7,4,4,5,55,90,75,4,5,6,7,6,7,2,7,1,1,1,4,7,4,3,7,4
E,169,obc,NA,NA,1,3,1,3,3,4,3,3,3,4,3,3,3,3,1,3,3,3,4,6,6,5,4,4,6,5,5,3,3,2,1,3,1,1,1,3,3,3,3,3,2,1,6,1,NA,1,3,1,1,3,3,3,60,100,3,1,5,5,6,3,3,5,4,4,1,3,50,40,25,7,6,5,5,6,6,1,1,1,1,1,3,4,4,3,6,6
E,170,gm,3,1,1,2,3,1,3,2,3,2,2,1,3,3,4,2,3,1,3,3,4,5,4,3,5,5,4,2,2,3,3,3,5,3,4,5,3,1,4,4,4,2,3,1,7,1,NA,6,4,6,6,6,4,4,75,100,3,4,2,4,6,1,1,2,2,4,2,2,50,62,75,7,7,6,7,5,5,1,2,1,2,2,4,4,5,4,6,7
F,175,gm,5,5,1,3,5,5,5,1,3,3,5,5,1,4,5,5,5,1,3,5,2,7,7,6,1,2,3,1,1,1,1,1,1,1,1,1,1,4,4,2,2,1,2,1,6,1,NA,1,4,7,2,2,1,4,90,90,1,1,7,7,1,1,1,7,7,1,4,5,70,15,15,7,7,6,6,6,6,1,1,1,1,1,1,1,7,7,7,7
F,184,gm,5,4,3,3,3,4,4,3,3,2,5,4,2,5,4,5,4,2,5,5,2,7,7,6,1,1,6,1,2,2,2,3,4,4,2,4,3,5,5,5,4,4,2,1,NA,1,NA,1,4,7,7,6,4,2,50,50,1,1,4,2,1,1,1,1,5,3,4,2,80,20,90,5,6,5,4,3,2,5,4,3,3,4,5,2,1,3,2,7
F,194,obc,5,5,1,3,2,2,2,2,1,2,5,5,5,5,5,5,5,5,3,5,2,7,7,7,1,3,6,2,2,3,4,2,4,4,5,5,3,5,5,5,5,4,2,1,6,1,NA,1,3,6,7,6,1,1,60,80,5,1,4,6,1,1,1,4,4,2,1,4,70,50,80,7,4,3,4,3,2,5,6,4,1,3,6,5,4,4,4,7
F,215,gm,4,4,3,5,4,5,4,1,5,5,5,5,1,5,5,5,4,1,5,5,4,7,7,7,1,1,6,1,1,2,2,1,4,3,3,2,2,5,5,5,4,3,2,1,8,1,NA,1,4,7,6,4,5,2,60,70,2,4,2,2,4,2,3,2,2,4,4,1,70,10,20,6,6,6,5,5,5,1,2,1,1,1,7,6,1,1,7,7
F,225,gm,5,5,2,3,5,5,5,1,3,4,5,5,1,4,5,5,5,1,3,5,2,6,6,5,1,3,6,3,1,3,3,2,4,3,4,2,2,5,5,5,2,2,2,1,9,1,NA,1,4,7,6,5,3,3,70,90,2,1,2,6,4,6,4,4,6,4,4,4,30,20,20,7,4,4,5,5,4,2,2,1,4,1,7,7,4,4,7,7
F,232,gm,5,3,1,5,5,5,5,1,5,5,5,5,1,5,5,5,5,1,5,5,1,7,7,7,1,3,5,1,1,1,1,1,1,1,1,1,1,5,5,5,5,5,2,1,NA,1,NA,1,4,7,1,1,5,1,60,100,1,1,1,1,1,1,7,7,7,7,2,5,60,20,20,7,7,7,7,7,7,1,1,5,1,1,7,7,7,1,7,7
F,233,scst,5,5,2,3,4,5,5,1,3,4,5,4,1,4,4,5,5,1,4,4,2,5,6,5,6,6,6,4,3,3,1,3,1,3,4,2,3,4,3,3,4,3,2,2,9,1,NA,1,1,7,7,5,5,NA,80,80,1,1,3,4,4,5,2,3,4,3,4,4,70,60,60,6,6,4,5,5,4,2,2,1,1,1,6,6,4,5,4,6
F,176,scst,5,5,2,3,5,5,5,1,3,4,5,5,1,4,5,5,5,1,3,5,2,5,5,4,1,3,6,3,3,3,3,2,4,3,4,2,2,5,2,3,2,2,2,1,9,1,NA,1,1,7,6,5,3,3,70,90,2,1,2,6,4,6,4,4,5,4,4,4,30,20,20,7,4,4,5,5,4,2,2,1,4,1,7,7,4,4,7,7
F,177,gm,5,3,2,3,5,5,4,1,3,5,5,5,1,5,5,3,2,1,3,3,7,4,2,1,7,6,1,1,2,5,5,3,1,2,3,3,1,5,5,5,5,3,2,2,6,1,NA,1,4,7,7,5,3,2,25,25,1,1,1,7,1,7,7,1,1,7,3,3,60,35,75,7,7,7,1,7,7,7,7,7,1,1,7,7,7,7,7,7
F,178,obc,3,3,2,5,4,5,4,2,5,5,3,4,2,5,4,3,1,5,5,2,5,6,4,3,4,6,1,3,2,5,5,2,5,4,5,5,5,4,5,5,4,5,2,2,2,1,NA,1,3,7,7,7,4,3,70,90,5,5,6,3,5,5,4,6,3,6,4,3,55,70,80,7,6,5,3,4,2,5,6,4,6,5,4,5,4,6,7,1
F,179,scst,4,5,1,4,4,4,4,2,4,4,4,4,1,4,4,3,3,2,3,4,4,6,5,4,3,3,4,3,3,4,4,3,4,4,3,2,3,3,4,4,3,3,2,2,6,1,NA,1,2,7,6,7,4,4,89,89,5,6,4,5,6,5,3,5,4,5,3,4,60,70,80,5,4,6,3,6,3,5,3,5,3,3,5,4,5,7,5,3
F,180,obc,4,5,1,5,4,5,5,1,5,5,4,5,1,4,4,4,3,1,3,4,2,5,5,2,1,3,2,1,1,5,3,2,3,4,3,1,4,4,3,4,2,1,2,2,6,1,NA,1,3,7,7,7,2,2,60,60,1,1,1,1,1,1,1,1,1,1,4,2,30,40,30,7,7,7,6,6,6,6,6,6,1,5,4,5,6,6,5,5
F,181,obc,4,5,3,3,4,5,5,3,5,4,4,4,3,5,4,4,4,3,4,4,1,7,7,1,1,2,3,2,1,5,4,3,3,4,3,4,3,1,4,4,2,3,2,2,3,1,NA,1,3,7,7,6,4,3,70,70,1,1,1,1,1,1,1,1,1,1,5,2,50,30,20,7,7,7,6,7,7,5,5,2,2,2,7,4,7,5,4,4
F,182,obc,NA,3,2,5,4,5,4,5,5,4,4,5,3,4,4,2,3,2,3,3,2,4,4,5,3,4,4,3,2,4,3,3,3,2,3,3,2,3,4,3,4,3,2,2,7,1,NA,1,3,6,2,2,2,4,60,40,NA,7,1,6,6,1,2,3,1,7,2,2,40,50,40,3,5,4,5,4,4,1,5,2,2,4,3,4,5,4,3,4
F,183,obc,3,4,1,3,2,5,5,1,5,5,5,5,5,5,4,5,5,5,3,4,1,7,7,5,3,2,6,2,1,2,5,2,5,4,3,4,2,5,5,5,5,5,2,1,7,NA,NA,1,3,7,7,7,5,1,98,100,6,1,1,2,5,1,1,1,2,1,3,3,60,30,10,7,7,6,2,7,5,6,7,6,1,1,7,1,7,4,2,7
F,185,obc,3,2,2,1,2,4,3,1,4,4,4,4,2,5,5,3,2,1,3,1,1,6,7,3,1,4,6,1,1,2,3,1,5,5,3,3,4,5,5,3,3,2,2,1,NA,1,NA,1,3,7,5,2,4,3,55,45,1,1,2,3,2,1,1,2,3,2,4,5,30,30,40,7,5,6,5,5,5,1,2,4,1,5,4,1,NA,NA,NA,NA
F,186,gm,3,3,4,3,3,4,5,5,4,5,5,4,3,5,5,3,4,3,5,3,1,7,7,4,1,4,6,1,1,3,4,3,5,5,3,5,3,5,5,5,5,3,2,1,10,1,NA,1,4,7,7,7,2,4,75,50,6,1,7,7,4,1,1,7,7,1,1,4,50,50,20,7,5,4,7,7,3,7,7,1,2,4,1,5,7,1,5,7
F,187,obc,3,3,1,3,3,5,5,1,4,5,5,3,1,4,5,5,5,1,3,5,4,7,7,6,2,3,3,2,1,2,2,2,5,2,2,4,4,4,3,4,3,1,3,1,NA,1,NA,1,3,7,5,4,5,3,50,100,1,1,2,3,2,1,1,2,2,2,4,4,40,50,50,7,6,6,5,4,4,1,1,1,1,4,7,4,4,5,5,5
F,188,obc,4,3,2,4,3,5,4,1,5,4,4,5,2,5,5,4,4,2,4,4,3,6,6,4,2,2,6,1,2,4,4,3,4,2,3,4,3,4,3,3,4,5,2,1,6,NA,NA,1,3,7,6,5,5,NA,80,80,6,6,6,6,5,6,1,2,2,2,2,3,50,20,30,7,5,5,5,3,5,5,5,5,2,2,2,3,4,3,4,4
F,189,obc,3,4,1,3,2,5,5,1,5,5,5,5,5,5,4,5,5,5,3,4,3,6,6,4,2,2,6,1,4,4,4,3,4,2,3,4,3,4,3,3,4,5,2,1,6,NA,NA,1,3,7,6,5,5,NA,80,80,6,6,6,6,5,6,2,2,2,2,2,3,40,20,40,7,6,5,5,3,5,5,5,5,4,5,4,4,4,4,4,4
F,190,obc,3,2,2,1,2,5,5,1,5,5,5,5,1,5,4,5,5,2,4,4,6,7,7,6,5,6,6,2,1,5,5,3,4,4,5,5,3,3,2,1,2,2,2,1,6,1,NA,1,3,7,6,7,4,4,70,50,2,1,1,4,5,1,2,1,2,1,3,2,80,60,60,7,6,6,4,2,4,5,4,1,1,2,7,5,4,3,6,6
F,191,obc,4,1,2,1,3,5,4,1,5,5,5,5,1,5,5,5,5,2,2,4,6,7,7,6,1,4,5,1,1,1,1,1,4,3,2,3,4,1,1,1,3,3,2,1,8,1,NA,1,3,7,7,5,5,1,70,100,1,1,1,3,2,4,5,1,1,5,2,3,40,60,50,7,7,7,7,7,5,5,4,1,1,1,1,7,1,1,7,7
F,192,obc,4,4,2,3,4,4,4,2,3,4,4,4,2,3,4,3,3,2,3,3,3,7,7,5,3,4,4,1,2,1,2,1,5,3,3,5,4,3,3,5,4,3,3,1,8,1,NA,1,3,6,6,4,3,2,60,75,2,1,3,4,2,3,3,3,4,4,3,3,60,40,40,7,2,3,4,4,3,3,2,2,2,2,6,7,3,2,7,7
F,193,gm,4,4,3,4,3,4,4,3,5,5,5,4,4,5,4,3,3,4,3,2,5,7,7,5,1,1,6,1,1,1,1,1,5,5,5,5,4,5,5,5,5,4,2,1,7,1,NA,1,4,7,5,6,3,3,60,50,5,6,6,6,6,5,5,5,5,5,3,3,61,46,37,7,7,5,5,6,6,5,6,6,5,5,7,4,5,5,5,7
F,195,scst,5,5,1,4,4,4,2,2,3,3,4,4,2,4,4,3,2,3,1,2,3,4,5,4,3,5,3,3,3,3,3,2,4,5,4,5,5,3,2,4,5,5,2,1,6,1,NA,1,1,7,5,4,2,4,50,50,5,1,3,4,2,3,1,4,3,4,3,3,70,20,10,7,7,6,7,7,7,4,7,2,7,6,7,7,7,7,6,7
F,196,obc,4,3,1,1,2,2,1,2,1,2,4,5,2,5,5,3,1,4,2,1,2,6,6,6,2,2,6,3,2,3,4,4,5,5,3,5,5,5,5,5,5,5,2,1,8,1,NA,1,3,7,7,6,1,5,50,50,5,7,7,7,6,1,4,4,4,4,1,4,50,50,50,7,1,5,5,1,6,7,7,6,5,6,6,1,1,1,1,1
F,197,gm,4,4,2,4,4,4,4,2,3,4,5,5,1,5,5,2,3,2,1,2,1,7,7,6,1,3,6,2,1,2,1,1,5,4,4,3,3,5,4,4,3,3,2,1,6,1,NA,1,4,7,7,6,5,1,60,50,1,1,1,3,2,1,1,1,2,1,5,4,40,20,10,7,5,6,5,6,6,5,6,6,1,2,7,4,7,4,4,4
F,198,gm,5,4,3,3,4,5,2,2,4,4,5,4,5,3,3,4,3,3,3,1,1,4,4,4,2,2,6,1,1,2,2,2,5,4,3,3,4,1,1,1,3,4,2,1,6,1,NA,1,4,7,7,6,4,2,60,40,2,5,4,5,2,1,6,1,1,2,2,4,50,70,10,2,2,1,7,6,5,2,5,2,2,4,7,6,6,4,3,7
F,199,gm,5,4,2,3,3,4,4,2,3,3,5,5,2,5,5,4,3,3,2,3,7,4,4,1,7,7,1,1,1,1,1,3,5,3,5,5,5,5,5,5,4,3,2,1,10,1,NA,1,4,7,7,7,5,1,100,100,1,1,1,4,4,1,1,2,1,2,5,2,80,10,10,7,7,7,7,7,7,7,7,7,4,5,7,1,NA,1,7,7
F,200,gm,5,4,2,3,4,5,5,1,5,5,5,5,3,4,4,4,2,5,3,4,1,6,7,4,1,2,7,1,1,1,1,1,5,5,5,5,5,5,5,5,5,5,3,1,10,1,NA,1,4,7,7,7,5,1,80,100,1,2,1,2,1,1,1,1,1,1,4,3,90,70,80,5,6,6,2,2,6,6,4,5,4,5,5,4,4,4,4,7
F,201,gm,5,4,2,3,2,2,4,1,2,2,5,5,1,5,4,1,1,1,2,2,2,2,7,7,1,2,7,1,1,1,1,4,5,5,5,5,5,5,5,5,5,5,3,1,10,1,NA,1,4,7,7,7,5,1,80,100,1,1,1,1,1,1,1,1,1,1,3,3,70,90,50,5,5,2,3,4,6,6,5,4,4,4,3,4,3,5,4,7
F,202,gm,5,4,2,3,2,2,2,1,2,2,5,5,1,5,4,1,1,1,2,2,3,3,7,7,1,2,7,1,1,1,1,1,5,5,5,5,5,5,5,5,5,5,3,1,10,1,NA,1,4,7,7,7,5,1,80,100,1,1,1,1,1,1,1,1,1,1,3,3,70,75,75,5,5,2,3,2,6,6,5,4,4,4,4,4,4,4,4,7
F,203,gm,5,4,2,3,3,5,4,2,4,3,5,5,2,5,5,5,4,2,4,4,2,7,7,5,2,2,5,1,1,2,2,2,5,4,3,3,4,5,5,5,3,4,2,1,6,1,NA,1,4,6,6,6,5,2,40,60,1,1,1,3,3,4,3,1,2,3,3,3,50,70,80,7,6,5,4,4,4,3,3,3,2,4,7,7,3,3,6,7
F,204,gm,5,4,2,4,3,5,4,2,4,3,5,5,1,5,4,4,4,2,3,3,2,7,6,5,1,3,7,1,1,3,2,1,5,4,3,4,3,4,5,4,3,4,2,1,7,1,NA,1,4,7,6,5,5,2,50,70,1,4,3,3,2,3,3,3,4,3,3,3,50,50,80,6,5,4,4,4,4,5,3,4,4,4,6,4,4,4,5,6
F,205,obc,5,4,2,4,3,3,4,2,4,3,3,3,2,3,3,2,3,3,3,3,2,6,6,1,1,3,2,1,1,4,2,2,4,4,4,5,4,4,3,4,5,4,2,1,7,1,NA,1,3,7,7,6,5,2,60,70,1,6,2,3,4,2,2,3,4,3,3,2,50,60,40,6,5,5,5,6,5,5,6,4,4,5,7,6,5,5,4,6
F,206,obc,3,2,1,3,3,5,5,1,5,5,5,4,1,5,4,2,1,1,3,2,4,7,7,4,2,3,5,2,1,5,5,4,5,2,3,5,3,4,5,4,5,3,3,1,6,1,NA,1,3,7,7,7,3,5,70,70,1,1,1,1,7,1,7,7,1,7,2,5,50,30,20,7,7,5,5,7,5,1,2,3,1,1,7,3,7,7,7,7
F,207,gm,3,3,2,3,3,3,3,2,3,3,4,3,2,5,4,2,2,3,3,2,1,7,7,5,NA,4,NA,1,1,1,1,1,4,3,2,5,5,5,4,5,4,3,2,1,9,1,NA,1,4,7,6,5,5,1,60,70,2,5,5,5,2,1,1,1,1,1,3,3,40,30,30,6,6,6,6,6,6,4,4,5,5,4,2,4,6,5,4,7
F,208,scst,4,4,2,3,3,4,4,1,4,4,4,4,1,5,4,2,3,1,3,2,6,6,6,6,6,5,5,5,5,4,4,4,4,4,3,5,4,5,5,4,5,5,2,1,9,1,NA,1,1,7,6,5,5,1,50,60,1,1,1,1,1,1,1,2,1,1,1,1,50,30,20,7,6,6,6,7,6,7,6,6,1,NA,2,2,1,2,2,7
F,209,obc,5,4,1,2,2,5,5,1,5,5,5,3,3,3,3,5,1,3,1,1,3,7,7,4,3,4,7,1,1,3,3,1,5,5,4,5,5,5,5,5,5,3,2,1,2,1,NA,1,3,7,6,4,5,1,50,100,1,4,7,2,4,1,4,7,2,3,2,5,35,55,80,1,4,4,4,3,2,1,1,1,1,1,7,4,7,7,4,6
F,210,obc,4,4,2,4,3,4,4,2,5,5,4,4,2,5,4,3,4,3,2,3,3,3,3,6,2,4,6,1,2,2,2,2,5,5,4,4,5,4,4,3,2,2,2,1,NA,1,NA,1,3,7,7,2,4,4,50,50,1,1,4,3,1,1,1,2,1,1,4,4,30,40,30,7,7,5,5,5,5,3,5,1,1,5,7,7,1,7,7,7
F,211,obc,5,5,1,5,3,5,5,1,5,5,4,4,1,5,4,3,3,1,4,3,2,6,5,2,1,2,2,1,1,5,4,4,4,4,2,2,2,4,4,4,4,2,2,1,9,1,NA,1,3,7,5,2,2,1,60,80,1,1,1,1,5,1,1,1,1,5,4,1,40,70,50,6,6,6,5,6,5,6,6,2,1,2,6,5,2,2,6,7
F,212,scst,5,1,1,5,5,5,5,1,5,5,3,3,3,4,4,3,4,4,3,2,5,6,6,6,5,4,4,5,5,5,5,4,4,4,3,4,3,1,1,2,1,1,2,1,6,1,NA,1,1,7,7,NA,4,2,50,95,NA,1,2,2,2,NA,NA,NA,2,2,4,2,50,50,50,NA,NA,5,NA,4,5,5,6,6,1,2,7,4,7,4,NA,NA
F,213,scst,5,5,1,5,5,5,5,1,5,4,5,4,1,3,3,3,4,3,3,2,4,2,2,2,3,2,2,5,5,5,5,5,1,4,1,1,1,1,2,2,5,1,2,1,8,1,NA,1,1,7,6,1,4,1,80,60,1,1,1,1,3,2,2,3,2,3,1,4,60,20,18,2,3,7,7,2,2,6,2,2,1,1,7,4,1,1,7,7
F,214,scst,5,5,1,5,5,4,5,1,3,4,4,4,1,3,4,4,3,2,3,3,6,7,6,5,5,5,4,5,4,4,4,3,4,3,3,3,4,1,1,1,1,1,2,1,6,1,NA,1,2,7,6,6,4,4,40,90,1,1,2,2,2,1,6,2,1,1,3,3,40,20,40,7,6,6,4,6,5,7,7,7,1,2,7,7,7,1,7,7
F,216,obc,5,4,2,3,4,5,5,1,5,5,2,2,4,3,2,2,2,4,1,1,4,3,4,5,3,5,7,2,2,5,5,2,5,5,4,4,3,4,3,5,3,5,2,1,10,1,NA,1,3,7,7,7,4,5,80,85,1,6,7,2,3,1,2,3,4,2,3,2,40,70,50,7,6,5,6,2,5,3,5,4,5,2,3,4,7,5,4,6
F,217,scst,4,3,2,5,4,3,3,4,5,3,3,4,3,5,3,4,2,3,5,3,5,6,6,4,3,3,6,5,5,4,4,5,4,3,3,4,4,5,5,4,4,4,3,1,9,1,NA,1,1,7,7,7,5,5,80,80,1,1,7,7,1,7,1,7,7,1,5,3,80,70,90,7,6,4,4,4,6,6,7,6,6,7,4,4,6,4,4,6
F,218,obc,NA,5,1,3,5,5,5,1,5,5,5,5,1,5,5,4,4,1,3,4,1,4,4,3,2,4,4,1,1,1,1,1,5,3,1,1,4,2,1,1,1,1,2,1,6,1,NA,1,3,7,5,2,3,3,60,99,1,1,7,2,6,1,1,7,2,6,4,3,30,40,60,7,7,6,3,1,1,2,1,1,1,1,1,1,6,6,6,7
F,219,obc,4,4,1,3,4,5,5,1,5,5,5,5,1,5,5,3,4,1,3,3,1,7,7,2,2,2,6,1,1,4,3,1,5,5,5,5,4,3,3,4,4,3,2,1,6,1,NA,1,3,7,7,4,4,2,17,10,1,1,1,1,1,1,1,1,1,2,5,4,88,75,50,7,7,7,7,7,7,1,1,1,1,1,7,3,7,1,6,1
F,220,scst,5,5,1,5,5,5,5,1,5,5,5,5,1,5,5,5,5,1,4,5,3,3,3,3,3,3,3,4,3,5,3,5,1,1,1,1,1,1,1,1,1,1,2,1,6,1,NA,1,1,7,7,7,5,5,94,94,1,1,1,1,1,1,1,1,1,1,5,4,86,54,60,7,7,7,1,6,7,1,1,1,1,1,1,1,7,5,6,7
F,221,obc,4,4,2,3,2,5,5,1,5,4,5,4,1,5,5,5,4,2,4,4,2,7,7,6,1,1,7,2,2,5,5,3,3,3,4,3,3,4,4,5,4,4,2,1,9,1,NA,1,3,7,7,7,5,5,80,80,1,1,1,1,1,1,1,1,2,1,4,2,50,30,20,7,6,7,7,7,7,1,1,1,1,1,1,1,4,4,2,7
F,222,obc,3,1,3,3,5,5,3,3,3,4,5,3,4,5,5,5,4,3,3,3,7,7,6,7,2,2,7,2,2,3,4,2,5,5,4,5,5,5,5,5,4,5,2,NA,9,1,NA,1,3,7,7,7,5,1,20,20,5,6,5,5,4,5,6,5,4,5,4,4,40,50,30,6,7,5,6,6,6,5,6,4,6,7,5,6,6,6,6,7
F,223,obc,4,5,1,4,4,4,5,1,5,4,5,5,1,5,4,3,3,2,3,3,1,5,5,2,2,NA,NA,2,2,3,2,3,5,3,1,3,4,2,4,3,3,3,2,1,8,1,NA,1,3,7,6,6,4,1,85,90,1,4,5,6,5,2,5,3,3,3,3,2,60,50,30,7,6,6,6,7,6,5,5,6,3,3,4,4,4,6,5,6
F,224,obc,4,3,4,3,3,3,5,3,4,4,4,3,3,4,3,3,4,4,3,4,6,5,NA,6,6,5,5,5,5,5,4,4,1,2,1,3,4,3,4,3,2,4,2,1,9,1,NA,1,3,7,7,7,4,4,80,80,6,5,6,7,6,3,5,4,6,4,4,5,60,70,70,7,6,7,6,4,3,5,7,6,5,6,6,5,5,6,5,6
F,226,obc,4,4,2,3,3,4,4,2,3,3,4,4,2,3,3,3,4,2,3,3,4,7,6,7,3,6,7,1,2,4,5,3,1,3,3,4,3,4,4,4,3,3,2,1,8,1,NA,1,3,7,7,5,4,3,80,60,3,2,5,4,2,1,7,3,2,1,4,3,70,60,30,6,6,6,5,2,6,5,3,2,4,4,2,4,5,5,4,6
F,227,scst,4,5,1,5,5,3,4,1,5,5,4,4,2,5,4,4,2,2,3,2,4,4,4,4,3,4,2,3,3,3,3,3,3,4,4,5,3,1,1,3,5,3,3,1,9,1,NA,1,1,7,7,7,4,4,70,70,6,2,6,6,6,1,1,4,1,1,4,3,70,40,30,4,4,4,4,4,4,4,4,1,6,6,1,5,1,5,4,4
F,228,gm,3,4,2,3,4,4,4,2,3,5,5,5,2,5,5,4,4,2,3,4,4,7,7,5,4,4,7,1,1,3,3,2,4,3,4,4,4,3,2,2,2,2,2,1,8,1,NA,1,4,7,4,2,5,1,90,90,1,1,1,2,2,1,1,1,2,2,4,4,80,60,90,7,7,6,6,6,6,2,2,2,1,1,7,5,7,1,6,7
F,229,obc,3,4,2,3,3,4,4,2,4,4,4,4,2,4,3,3,3,3,2,3,6,7,7,6,3,2,6,2,2,4,4,3,4,4,3,4,3,4,4,4,3,3,3,1,8,1,NA,1,3,5,5,5,5,4,70,80,1,1,6,6,1,1,1,1,2,1,4,4,80,80,90,5,6,6,5,5,5,2,2,2,4,5,6,4,4,5,6,6
F,230,obc,3,4,3,3,4,4,5,4,3,4,4,4,3,4,4,2,3,3,3,3,3,2,3,2,1,1,5,1,4,5,5,2,2,2,2,2,2,4,3,2,2,2,3,1,7,1,NA,1,3,7,7,7,5,2,90,70,6,3,4,6,5,1,1,2,3,2,5,4,30,40,30,7,7,6,6,2,6,6,6,1,5,1,2,6,5,2,5,7
F,231,obc,3,3,1,3,4,5,5,2,5,5,4,4,2,4,4,5,5,2,3,5,2,7,7,3,1,3,NA,1,1,5,4,3,3,3,4,4,3,5,5,5,4,3,2,1,8,1,NA,6,3,7,6,4,2,3,80,70,6,3,4,5,6,1,1,3,6,5,5,3,30,40,30,7,6,6,5,7,7,2,6,3,3,4,7,6,7,1,6,7
G,234,gm,4,4,2,4,4,3,3,2,3,3,5,5,2,5,5,5,5,3,2,5,2,6,6,6,2,2,5,1,1,2,2,3,4,4,2,2,2,5,4,4,2,2,2,1,5,1,NA,1,4,7,1,1,3,4,60,40,2,4,6,7,3,7,1,7,7,4,1,4,60,10,30,7,3,4,5,6,6,1,1,1,1,2,7,7,NA,1,1,1
G,243,gm,4,4,1,3,3,3,3,1,3,4,5,5,1,5,5,5,4,3,3,2,4,7,7,6,2,2,5,1,1,1,1,3,5,4,3,5,4,5,5,5,4,2,2,1,7,1,NA,1,4,7,5,4,2,2,70,100,1,1,1,7,5,1,1,1,3,1,5,3,60,45,40,7,2,2,5,4,5,2,5,6,1,1,1,7,4,6,7,7
G,252,gm,2,3,1,1,2,2,3,1,1,2,4,3,3,4,4,3,3,2,3,2,3,6,5,3,1,4,NA,1,1,2,2,2,5,3,5,5,5,2,3,3,3,3,3,2,5,1,NA,1,4,7,6,4,4,3,60,55,5,7,6,6,5,5,5,5,3,3,2,3,60,30,10,6,5,5,5,6,5,1,1,1,6,6,7,6,7,6,7,7
G,253,gm,4,4,1,3,4,3,3,1,2,2,5,5,2,5,5,3,2,5,1,2,1,4,4,4,2,3,4,1,2,3,2,3,3,4,3,5,3,5,5,5,5,3,2,1,6,1,NA,1,4,4,4,7,5,1,50,50,1,1,3,7,3,1,1,2,2,1,4,2,70,60,80,7,3,2,4,4,4,3,5,3,1,3,7,7,4,1,7,7
G,254,scst,5,5,1,3,5,4,4,1,3,4,4,4,2,3,5,3,4,2,2,3,4,5,4,5,4,4,4,5,4,3,4,3,3,3,2,2,2,1,1,1,1,1,3,1,6,1,NA,1,2,7,6,4,3,3,51,51,1,2,7,1,4,4,2,4,4,3,2,2,70,10,20,6,6,5,6,7,5,4,4,4,1,4,7,7,4,1,4,6
G,255,gm,4,4,1,3,2,4,3,3,3,2,5,5,3,5,5,5,3,3,4,4,7,7,7,6,4,7,7,2,2,3,3,3,4,4,4,4,4,4,4,4,4,3,2,1,5,1,NA,1,4,5,6,7,3,3,60,70,6,6,6,6,5,5,4,6,6,6,3,3,60,80,40,5,4,4,4,3,3,4,5,4,4,5,6,5,3,6,6,6
G,256,obc,5,2,3,2,4,2,3,4,5,5,5,5,5,5,5,2,2,2,2,2,1,3,4,1,1,1,1,1,2,4,4,3,1,5,5,4,2,2,3,2,4,2,2,2,6,1,NA,1,3,7,7,7,5,1,70,70,7,7,7,7,5,1,7,7,7,4,5,1,25,45,30,1,6,6,7,5,7,5,6,7,1,2,7,3,5,6,2,1
G,257,scst,3,2,3,3,4,1,2,3,3,2,2,3,2,3,3,1,3,3,3,3,2,5,4,5,3,5,5,3,4,3,3,2,4,4,5,5,4,4,4,3,5,4,2,2,7,1,NA,1,1,7,7,1,3,4,60,90,7,7,1,7,1,1,1,4,1,1,3,4,60,20,20,7,4,4,5,3,6,4,4,4,1,1,1,1,5,1,7,7
G,258,obc,5,5,1,5,5,5,5,1,5,5,5,5,1,5,5,5,5,1,5,5,4,6,6,5,3,3,5,1,1,1,1,3,3,1,3,1,1,1,2,5,2,2,3,2,6,1,NA,1,3,7,1,1,1,5,50,98,1,1,1,4,1,1,1,1,4,1,5,1,40,30,30,7,6,6,7,7,7,2,2,2,1,1,7,7,1,1,7,7
G,235,gm,5,4,1,4,4,4,4,1,3,3,5,4,1,5,4,4,3,3,4,3,1,7,2,2,2,2,3,1,1,1,3,3,5,5,4,5,5,5,4,5,5,4,3,2,5,1,NA,1,4,7,7,7,5,1,70,80,7,7,7,7,7,1,1,7,7,1,2,2,60,20,30,7,6,5,4,5,4,1,1,1,5,5,6,5,4,4,4,6
G,236,obc,5,5,1,4,5,5,5,1,5,5,5,5,1,5,5,5,5,2,5,5,3,6,6,2,1,1,3,1,1,4,4,3,2,2,3,3,4,3,2,1,2,4,2,2,5,NA,NA,1,3,7,7,7,5,1,64,100,1,1,1,2,1,1,1,1,1,5,1,2,50,25,10,3,3,4,4,5,6,3,3,4,1,4,4,4,4,4,4,4
G,237,gm,5,5,1,5,3,4,5,1,5,3,5,5,1,5,5,5,5,3,5,4,2,7,6,3,1,1,4,1,1,3,2,4,2,2,3,5,3,3,2,2,3,3,2,2,6,1,NA,1,4,7,4,4,5,1,60,40,1,1,3,7,7,1,7,7,7,4,2,4,50,30,20,1,2,4,1,1,4,1,1,1,1,4,7,1,4,4,7,7
G,238,gm,3,4,3,3,3,4,4,2,5,4,4,4,2,5,4,4,4,3,5,4,2,5,5,4,2,4,4,1,1,1,1,2,4,4,3,4,4,5,5,5,4,4,2,2,6,1,NA,1,4,7,5,4,3,4,70,60,1,2,2,2,2,1,2,3,2,2,3,4,20,40,30,6,5,5,5,6,5,3,2,3,4,2,6,6,2,2,6,7
G,239,obc,3,2,3,3,NA,3,4,5,3,3,2,3,3,4,5,3,3,2,5,3,2,3,6,1,1,3,4,2,4,3,3,4,3,2,5,4,4,4,3,2,4,3,2,2,5,1,NA,1,3,1,7,6,4,3,50,50,4,3,4,3,4,5,3,5,3,5,3,2,40,70,30,5,4,5,4,5,6,3,4,4,4,5,4,6,4,6,5,6
G,240,obc,2,4,3,5,5,3,3,1,5,4,5,3,3,5,4,2,2,2,1,2,1,2,1,3,7,1,1,1,1,5,5,1,5,5,3,4,5,5,5,4,5,4,2,2,5,1,NA,1,3,7,7,7,5,4,50,100,4,2,1,7,3,7,5,3,6,4,2,3,50,30,80,1,1,1,1,1,1,2,1,2,1,1,1,2,1,7,4,3
G,241,gm,4,3,2,4,2,4,4,2,4,3,5,5,2,5,4,4,4,2,4,2,1,6,6,5,1,5,6,1,1,2,2,1,4,4,4,5,2,5,4,4,4,2,2,1,6,1,NA,1,4,6,5,5,4,1,80,75,1,3,5,7,6,3,1,4,5,5,4,1,60,20,50,6,5,3,5,6,6,3,3,3,2,2,1,4,4,5,4,5
G,242,obc,3,5,1,4,4,3,4,2,3,4,4,3,2,5,4,4,4,2,3,4,1,7,7,6,3,2,3,1,1,2,3,1,3,4,2,5,4,3,2,1,2,3,2,1,6,1,NA,1,3,7,4,1,5,2,75,60,1,6,1,7,4,1,1,1,1,7,4,2,50,25,25,7,6,6,6,7,7,1,1,1,1,4,7,6,1,1,7,7
G,244,scst,3,4,5,4,4,4,4,2,4,4,3,3,2,3,4,3,2,2,3,2,7,7,NA,6,7,7,7,5,4,2,3,1,4,4,2,5,4,3,2,1,2,1,2,1,6,1,NA,1,1,7,4,1,4,2,60,70,1,6,1,7,3,1,1,2,2,3,4,2,50,25,25,7,6,6,6,7,7,1,1,1,1,1,7,NA,5,4,7,7
G,245,gm,5,4,1,3,5,4,4,2,4,4,5,5,1,5,5,4,4,2,5,5,1,6,6,1,1,1,2,1,1,4,4,3,5,5,4,4,5,4,4,4,2,3,2,1,4,1,NA,1,4,7,5,5,5,2,70,80,1,2,1,7,2,1,1,1,1,2,4,2,80,50,30,7,7,7,5,7,7,2,1,1,1,1,7,7,7,1,7,7
G,246,gm,5,5,1,4,5,5,5,1,3,5,5,5,2,3,5,5,3,1,3,3,1,6,6,3,2,7,NA,1,1,1,2,2,5,4,3,4,2,4,5,5,4,2,2,1,5,1,NA,1,4,7,1,1,2,4,90,50,2,5,6,4,3,1,6,4,3,4,1,2,70,9,25,7,7,7,6,7,7,2,2,1,1,1,7,7,6,1,7,7
G,247,obc,3,3,1,3,3,3,3,1,4,3,3,3,1,5,3,3,3,1,5,3,2,7,7,3,2,3,3,2,2,3,4,3,2,3,3,1,1,5,5,5,5,1,2,1,8,1,NA,1,3,7,1,1,5,2,80,100,1,7,7,7,5,1,4,7,7,4,1,5,70,20,10,7,7,7,4,7,7,1,1,1,1,2,7,4,5,1,7,7
G,248,gm,2,2,3,3,2,5,1,5,4,5,5,5,1,4,5,5,5,1,4,5,2,6,7,7,1,2,7,5,1,1,1,2,4,4,4,2,1,5,5,5,2,2,3,1,6,1,NA,1,4,1,5,5,5,2,60,60,1,7,1,7,7,1,1,7,7,7,4,2,60,40,75,7,7,3,3,7,7,1,1,1,1,1,7,6,2,5,7,7
G,249,obc,3,2,3,1,3,3,3,2,1,1,3,2,3,1,3,3,3,1,2,3,1,7,1,7,1,7,7,4,2,5,3,3,1,2,1,2,4,1,2,5,3,1,2,1,6,1,NA,1,3,6,6,6,5,2,75,100,1,7,1,7,6,1,4,7,7,4,1,5,60,80,10,7,7,7,4,7,7,1,1,1,1,2,7,4,NA,1,7,7
G,250,gm,4,4,1,4,3,3,3,1,3,3,5,4,2,5,4,5,4,3,3,3,4,5,4,4,3,5,6,3,3,3,3,3,4,3,4,4,4,3,4,4,3,2,2,1,7,1,NA,1,4,7,6,4,4,1,70,70,2,2,2,4,4,2,3,2,3,4,4,2,50,25,20,6,5,5,5,6,5,2,2,1,3,3,6,5,6,4,5,6
G,251,gm,3,3,4,2,3,3,4,3,3,2,4,2,3,3,4,3,5,5,3,2,2,3,4,3,2,5,6,1,3,5,3,1,5,5,5,5,5,5,5,4,4,5,2,2,6,1,NA,1,4,7,7,5,5,5,50,50,1,1,7,7,7,1,4,7,7,7,1,3,50,40,60,3,7,7,6,7,1,6,7,1,4,5,7,5,2,3,5,6
H,259,gm,NA,4,2,3,4,3,3,4,3,3,4,4,3,3,4,3,4,2,3,3,2,6,6,5,3,2,7,2,2,4,4,4,4,3,3,2,1,4,3,4,4,3,NA,1,6,1,NA,1,4,7,6,6,2,1,65,60,6,6,2,3,5,2,5,3,4,6,4,2,65,30,25,7,6,5,5,3,5,1,1,2,3,3,5,6,5,NA,5,6
H,295,scst,5,5,1,4,4,5,4,3,4,4,5,4,4,5,4,3,4,2,3,4,5,5,7,3,5,6,4,5,3,4,4,3,4,4,3,5,4,1,2,3,3,1,3,1,7,1,NA,1,1,7,5,4,3,1,70,60,2,3,2,2,2,1,2,1,1,2,3,4,70,60,50,7,7,6,6,5,6,4,2,2,4,5,6,5,6,6,6,7
H,301,gm,4,3,3,3,3,3,4,3,3,3,4,4,3,3,3,5,4,2,2,4,3,6,6,5,3,4,4,2,2,4,4,4,2,3,4,4,3,4,3,4,2,3,2,1,6,1,NA,1,4,5,5,5,2,4,60,80,5,5,3,5,6,3,5,2,4,4,4,4,50,50,80,7,6,6,5,4,4,1,1,1,3,3,7,6,2,1,2,7
H,302,gm,2,4,1,1,1,5,5,1,4,3,5,5,1,5,5,5,5,2,5,5,3,7,7,7,3,3,3,1,1,1,1,3,3,2,1,2,1,1,1,1,2,1,2,1,7,1,NA,3,4,6,7,7,1,5,60,50,6,6,6,6,6,6,2,3,3,5,2,5,30,35,35,2,6,3,6,3,3,6,6,7,1,2,1,7,7,1,6,7
H,260,gm,5,5,1,4,5,5,5,1,5,5,5,5,1,5,5,5,5,1,5,5,3,6,6,6,3,5,5,2,2,2,2,3,4,3,4,5,2,5,4,4,2,2,2,1,6,1,NA,1,4,6,6,4,2,4,80,80,5,7,1,6,7,1,6,6,6,7,2,5,22,18,60,6,6,6,7,6,5,1,2,1,1,1,7,7,1,1,7,7
H,261,gm,4,4,2,4,4,5,5,2,5,4,5,5,2,5,5,5,5,2,4,5,3,7,7,7,2,6,3,2,2,2,2,4,2,2,2,3,2,4,4,4,3,2,2,1,6,1,NA,6,4,7,6,6,1,5,70,50,6,2,4,3,2,6,2,6,5,3,2,5,65,20,15,6,7,5,7,6,3,1,1,1,1,1,7,1,1,1,7,7
H,262,gm,2,3,2,1,2,2,3,2,1,2,5,4,4,4,3,3,3,3,3,3,6,5,4,5,4,5,5,5,4,4,4,4,3,2,2,5,4,4,4,4,4,1,2,1,5,1,NA,3,4,5,6,5,2,2,80,80,2,1,2,2,2,1,2,4,5,5,2,3,60,40,30,7,6,6,5,5,7,3,5,1,1,3,7,7,6,2,7,7
H,263,scst,3,4,2,4,2,4,3,4,3,2,5,5,4,5,5,2,1,2,2,3,7,6,5,4,5,3,1,5,4,2,2,5,5,5,5,5,5,1,3,1,1,1,1,NA,5,1,NA,1,1,7,2,2,2,2,90,90,1,1,7,5,5,6,1,4,5,4,2,4,60,70,60,7,7,7,7,7,7,4,6,7,3,3,7,7,1,1,7,7
H,264,scst,5,5,1,5,5,5,5,2,4,4,4,3,3,3,3,5,5,4,5,5,3,7,7,7,1,6,6,5,4,4,4,2,5,5,4,5,5,1,1,1,4,1,2,1,6,1,NA,3,2,7,7,7,2,2,50,50,7,6,7,6,6,7,1,2,2,1,1,2,50,75,25,7,2,7,1,1,1,1,1,1,1,1,7,7,1,1,7,7
H,265,scst,3,4,3,4,4,3,5,5,5,4,2,4,2,4,3,2,2,1,3,2,7,7,7,6,5,7,4,5,5,4,4,3,5,5,4,5,2,1,2,1,5,2,2,NA,8,1,NA,1,1,7,7,7,4,2,90,85,7,5,5,5,5,1,2,5,2,3,2,2,70,60,80,4,3,2,6,1,1,1,2,2,1,1,1,3,7,7,4,6
H,266,gm,3,3,2,3,3,4,4,5,5,4,5,5,4,5,5,4,2,2,2,3,4,2,2,2,7,7,2,1,1,1,1,1,4,4,3,5,4,1,1,2,2,2,3,1,6,1,NA,1,4,5,5,5,3,3,88,93,7,4,2,3,3,1,1,2,3,3,3,3,78,89,98,4,3,5,4,4,5,3,4,3,4,3,6,4,5,4,7,5
H,267,scst,NA,1,5,5,5,5,5,5,NA,5,3,3,3,5,5,1,1,1,1,1,7,7,7,7,7,7,1,5,5,5,5,5,2,2,2,5,2,5,5,5,1,1,3,2,5,NA,NA,1,2,7,7,7,5,1,80,100,1,1,1,1,1,1,1,1,1,1,1,1,70,30,50,7,7,7,7,7,7,7,7,7,7,7,7,7,7,7,7,7
H,268,obc,4,3,1,1,2,3,3,2,2,3,5,4,2,3,2,2,2,2,1,1,6,5,5,6,7,7,4,5,1,5,4,3,4,4,4,5,3,3,5,4,2,3,2,1,5,1,NA,1,3,7,5,3,4,3,40,40,1,6,7,6,7,7,7,7,7,7,5,4,50,55,60,7,5,5,4,4,2,1,2,5,4,1,7,4,5,5,5,4
H,269,gm,2,3,2,3,3,2,3,2,2,3,5,5,2,4,5,2,2,3,1,1,6,5,5,3,7,7,4,3,5,3,5,4,5,4,2,4,3,4,2,2,5,3,2,1,6,1,NA,1,4,7,7,6,2,4,60,40,5,4,5,5,3,4,3,5,5,3,4,3,40,30,50,7,5,5,7,5,5,4,5,4,5,5,6,5,6,5,4,6
H,270,obc,2,4,3,1,5,3,3,4,3,3,3,4,3,2,3,2,4,3,2,3,2,7,7,3,1,4,5,1,1,3,5,3,4,5,3,5,4,2,4,3,4,3,NA,1,5,NA,NA,1,3,6,6,5,2,4,60,90,2,6,6,5,5,2,2,3,5,2,3,3,30,50,20,3,4,5,6,7,7,5,6,6,5,6,7,6,5,6,6,7
H,271,scst,5,5,1,5,5,5,5,1,5,5,5,5,1,5,5,5,5,1,5,5,7,7,7,6,6,6,7,5,5,4,3,4,3,3,3,4,3,2,2,2,3,2,4,2,5,1,NA,1,2,7,6,5,3,2,60,59,6,4,2,3,2,2,2,2,3,2,2,3,25,40,35,3,3,1,3,6,4,1,1,1,6,6,1,1,1,1,7,7
H,272,gm,5,5,1,5,5,5,5,1,5,5,5,5,1,5,5,5,5,1,5,5,3,6,6,6,2,2,5,1,1,1,1,1,1,1,1,4,1,1,1,4,2,1,4,2,7,1,NA,1,4,7,5,5,1,5,70,69,5,1,5,2,5,2,4,3,3,3,1,5,30,20,50,7,7,7,7,7,7,1,1,1,1,1,7,1,1,1,7,7
H,273,obc,3,4,1,3,4,4,4,1,3,4,4,4,1,3,4,3,4,1,3,4,7,6,6,7,7,7,5,5,4,5,5,5,3,3,3,4,4,3,3,3,3,3,2,1,NA,1,NA,1,3,6,7,5,4,4,70,80,1,3,4,4,2,1,1,1,1,1,5,2,50,30,20,7,7,7,4,4,4,4,4,4,4,4,4,4,7,7,4,4
H,274,gm,NA,3,1,3,3,3,4,4,3,5,5,5,5,4,5,1,2,4,1,1,4,3,3,6,7,5,1,5,4,1,4,3,3,2,4,5,3,3,2,2,4,4,2,1,6,1,NA,1,4,6,6,7,5,4,70,70,1,3,2,4,2,1,4,3,3,4,4,3,30,40,50,4,6,6,5,4,6,4,5,4,NA,6,3,4,6,6,4,6
H,275,obc,3,4,1,5,4,4,4,1,4,4,5,4,1,5,5,2,4,1,3,3,4,6,6,3,7,4,5,5,3,3,5,5,3,4,3,4,3,4,3,5,4,3,3,2,5,1,NA,1,3,7,7,7,2,3,65,70,5,6,3,5,6,1,3,2,4,5,2,3,45,40,60,5,4,6,5,6,5,5,4,3,5,5,2,4,6,5,4,5
H,276,obc,4,4,1,5,4,4,4,1,5,4,4,4,1,5,4,4,4,1,4,4,2,7,7,3,1,2,4,2,2,2,2,2,2,3,2,2,3,2,2,3,2,3,3,2,9,1,NA,1,3,7,6,1,1,4,85,99,2,1,2,3,3,2,1,2,2,2,4,4,55,35,10,6,5,6,6,2,4,2,4,1,2,2,2,1,1,2,2,7
H,277,obc,4,4,1,5,4,4,4,NA,NA,4,4,4,NA,5,NA,4,3,3,4,3,1,6,6,NA,1,1,4,1,2,4,4,3,1,4,4,4,4,1,NA,5,4,4,2,2,NA,1,NA,1,3,7,5,5,3,3,100,100,1,4,5,5,5,1,NA,1,1,NA,3,4,70,10,20,7,7,6,6,6,6,1,1,1,1,6,6,6,7,7,6,7
H,278,gm,4,4,2,3,3,3,3,2,2,3,5,5,3,5,5,3,3,2,3,4,2,7,7,6,1,4,5,1,1,1,1,1,5,5,3,3,3,5,5,5,3,3,2,1,8,1,NA,1,4,7,6,7,4,3,60,100,1,1,1,1,1,1,1,1,1,1,3,4,40,20,40,6,5,6,5,5,5,4,4,1,1,1,1,4,1,1,7,7
H,279,gm,2,5,1,1,1,3,4,1,2,3,4,4,1,5,4,2,2,1,2,3,2,2,2,2,2,2,2,3,4,3,4,4,4,4,5,5,4,4,3,1,5,3,2,1,6,1,NA,1,4,7,7,7,4,1,70,70,1,1,1,7,1,1,1,7,7,1,2,1,20,35,45,3,6,6,3,7,6,3,5,5,4,3,7,6,4,5,6,7
H,280,gm,2,5,1,1,2,4,5,1,1,3,5,5,1,2,4,5,5,1,1,3,7,6,6,5,7,7,6,1,1,1,1,1,4,2,2,5,2,2,2,2,4,2,2,2,8,1,NA,1,4,7,7,7,4,5,80,100,4,7,1,1,4,1,1,1,4,1,5,1,30,45,35,7,5,5,6,5,7,1,1,1,1,1,7,1,1,1,7,7
H,281,gm,4,4,1,5,4,4,4,1,5,4,4,4,1,5,4,4,4,1,5,4,6,7,7,6,1,1,2,1,1,1,1,1,5,3,4,5,3,5,5,5,3,3,2,1,6,1,NA,1,4,7,4,4,4,3,70,70,7,4,2,1,4,4,4,2,2,4,2,1,30,30,40,6,6,6,6,6,6,1,1,1,1,1,7,7,NA,7,7,7
H,282,gm,4,4,1,3,3,4,4,1,3,3,4,4,1,5,4,3,3,2,3,3,1,7,7,7,1,2,6,1,1,1,1,1,5,4,4,5,4,5,5,5,4,3,2,1,7,1,NA,1,4,7,4,5,4,1,65,65,1,7,4,5,6,6,6,5,6,4,4,3,30,30,20,6,5,5,5,4,4,2,2,4,1,4,7,6,NA,4,6,7
H,283,obc,4,4,2,5,4,4,4,2,5,4,4,2,2,5,4,4,3,2,5,4,7,6,6,6,6,6,6,3,2,2,2,1,1,2,1,2,1,3,3,3,3,3,3,2,4,1,NA,1,3,7,7,1,5,5,85,95,1,1,1,5,1,1,1,1,1,1,3,3,40,40,60,7,6,6,6,5,5,4,1,1,6,6,7,6,7,6,6,7
H,284,gm,5,4,3,3,3,4,3,3,3,3,5,5,4,5,5,4,4,4,3,5,7,7,7,6,1,6,6,1,2,2,4,4,1,2,2,4,4,5,4,5,4,4,2,2,8,1,NA,1,4,7,6,6,4,2,70,70,1,1,6,6,7,6,1,1,3,3,3,3,30,20,25,7,6,7,6,7,7,5,7,7,5,6,7,6,3,4,5,7
H,285,obc,2,1,1,3,3,4,5,3,3,4,5,3,4,3,5,2,2,3,2,1,2,7,7,1,1,1,3,1,1,3,2,3,1,2,3,5,3,1,2,3,2,1,3,2,6,1,NA,1,3,6,6,7,5,4,78,85,5,3,6,3,5,2,4,7,3,3,4,2,28,30,42,5,3,5,4,5,6,2,3,4,1,2,5,6,7,5,6,6
H,286,obc,4,4,1,5,3,3,1,2,5,5,4,4,4,5,4,3,4,1,4,3,2,2,2,2,2,2,2,5,1,3,3,3,3,3,3,4,2,3,3,3,3,3,2,2,6,1,NA,1,3,7,4,4,5,1,100,100,1,3,3,5,5,1,4,5,4,4,1,1,60,20,20,7,7,7,7,7,5,7,7,5,4,4,4,4,4,4,4,4
H,287,gm,4,4,2,4,4,5,4,3,3,3,4,3,2,3,3,4,2,4,3,3,1,7,7,6,1,5,6,1,1,1,1,1,4,5,5,5,5,5,5,5,3,5,2,1,6,1,NA,6,4,7,6,5,5,1,65,70,1,4,1,5,6,4,6,3,5,3,3,5,30,20,50,7,4,5,5,6,7,5,4,2,1,4,7,6,1,6,6,7
H,288,gm,4,4,2,5,4,4,4,2,5,4,5,4,2,5,5,4,3,3,5,4,6,6,4,4,7,7,5,1,1,1,1,1,1,2,1,3,2,2,2,1,1,1,2,2,5,1,NA,1,4,7,7,1,5,5,80,90,1,7,1,1,1,1,1,1,1,1,3,3,40,25,65,7,6,6,6,1,6,3,4,4,1,4,7,7,7,5,7,7
H,289,obc,3,3,1,3,3,3,1,2,4,3,3,1,4,4,3,3,1,2,3,3,4,7,6,4,3,3,4,2,1,5,5,5,4,3,2,2,1,5,5,4,5,4,2,NA,NA,1,NA,1,3,7,7,7,5,1,80,100,1,4,1,1,5,1,1,1,1,1,3,4,80,60,80,7,6,5,4,3,7,6,6,2,1,6,4,6,7,4,6,7
H,290,gm,3,3,1,3,3,3,1,1,3,3,5,5,1,5,5,3,3,1,3,3,NA,7,7,6,3,3,6,1,1,1,2,1,5,4,4,5,5,5,4,5,5,3,3,1,NA,1,NA,1,4,7,7,7,5,1,50,100,1,4,1,4,NA,NA,NA,NA,NA,NA,3,4,30,50,70,7,6,6,5,3,5,4,4,4,1,6,4,6,7,4,6,5
H,291,obc,2,3,1,5,3,4,4,2,4,3,5,5,2,3,4,4,4,1,5,4,2,6,7,3,1,1,7,1,5,3,4,1,4,4,5,5,3,5,5,5,5,4,2,1,4,1,NA,1,3,7,5,5,5,2,80,85,1,1,2,4,4,6,6,3,7,5,4,5,50,30,20,1,1,1,1,2,1,2,3,1,1,2,6,4,5,4,6,5
H,292,gm,4,3,1,3,3,4,3,1,3,3,5,5,1,5,5,5,4,1,3,4,3,6,6,4,1,4,4,2,2,3,4,3,1,1,1,1,1,4,4,4,2,2,2,1,6,1,NA,3,4,7,2,2,5,1,95,95,7,3,4,4,3,7,1,5,5,4,3,5,90,80,75,3,7,7,4,7,4,1,1,1,1,1,7,7,3,3,6,7
H,293,gm,4,4,1,3,4,3,3,1,3,3,4,4,1,5,5,2,3,1,3,4,6,6,6,6,1,4,4,1,2,1,2,1,1,1,1,1,1,4,4,1,1,1,2,1,8,1,NA,1,4,7,1,1,5,1,80,80,1,1,1,1,7,7,7,7,7,7,3,5,70,20,10,2,5,7,5,7,3,1,1,1,1,5,7,7,7,1,7,7
H,294,obc,4,5,1,5,5,5,5,1,5,5,5,5,1,5,5,5,5,1,5,5,7,7,7,7,6,7,7,3,3,3,3,3,3,3,3,2,2,3,3,3,3,3,2,1,6,1,NA,1,3,7,4,4,5,2,75,57,5,5,2,5,5,1,1,1,3,4,5,4,80,90,59,7,7,7,7,7,7,1,1,1,1,1,7,7,1,7,7,7
H,296,obc,4,5,1,5,5,5,5,1,4,5,4,4,1,5,5,4,4,1,4,4,6,6,6,6,6,6,6,3,2,3,3,3,1,1,1,1,1,1,1,1,1,1,2,1,6,1,NA,1,3,7,2,1,5,1,70,70,1,7,1,6,7,1,6,1,7,5,5,1,40,30,30,7,7,7,6,7,7,2,1,1,1,1,7,6,1,1,7,7
H,297,gm,4,5,1,3,3,5,5,1,5,5,5,5,1,5,5,5,5,2,3,3,1,7,7,3,1,1,6,1,3,1,3,3,1,3,3,5,4,5,3,5,5,5,2,1,8,1,NA,1,4,7,7,7,4,4,70,60,7,7,7,7,7,7,7,7,7,1,2,4,60,70,50,7,7,7,1,7,7,4,7,5,4,4,7,4,7,4,7,7
H,298,scst,5,5,4,5,4,4,3,1,3,3,4,4,1,5,4,4,4,1,3,4,2,1,1,2,2,1,1,5,3,5,3,5,2,1,2,5,2,2,2,2,4,4,4,1,5,1,NA,1,1,7,7,6,5,1,70,70,1,2,3,1,3,7,7,6,7,5,2,4,75,80,70,7,7,6,6,7,7,2,2,2,1,2,4,2,2,2,1,4
H,299,gm,4,2,3,1,3,3,4,3,3,4,4,4,2,5,5,5,3,3,3,3,1,7,7,4,3,3,5,1,1,1,4,3,1,2,3,5,4,4,5,5,5,5,2,1,6,1,NA,1,4,7,7,7,4,2,60,60,1,3,2,3,3,3,3,2,2,3,4,3,40,40,60,7,6,7,6,5,6,4,2,1,5,4,7,4,4,5,5,5
H,300,obc,4,2,1,5,4,3,2,3,3,3,1,2,1,3,1,4,1,4,2,2,4,3,3,2,2,6,5,1,1,2,1,1,3,5,5,5,5,2,4,4,4,3,2,1,6,1,NA,1,3,7,7,6,5,4,75,80,1,2,1,2,1,1,1,3,2,7,1,2,40,30,30,6,3,3,1,1,6,5,6,5,6,3,7,4,2,3,6,7
